"","Month","Longitude","Latitude","Location","Crime.type","Postcode"
"97393","2015-08",-7.335052,54.994404,"JACQUELINE WAY","Anti-social behaviour","BT489PQ"
"433380","2017-09",-6.346725,54.455968,"TAGHNEVAN DRIVE","Drugs","BT668SY"
"190343","2016-03",-7.265991,55.030476,"TEMPLE ROAD","Anti-social behaviour","BT282PD"
"216422","2016-05",-5.927653,54.600778,"WARING STREET","Anti-social behaviour","BT12DX"
"475480","2017-12",-6.219462,54.713381,"MASSEREENE STREET","Violence and sexual offences","BT414DD"
"12477","2015-02",-5.930334,54.599189,"CASTLE STREET","Anti-social behaviour","BT11BL"
"460376","2017-11",-6.744168,54.623344,"RIVERDALE DRIVE","Other theft","BT344XR"
"3976","2015-01",-7.327247,55.000496,"FRANCIS STREET","Anti-social behaviour","BT11EJ"
"70738","2015-06",-6.356978,54.18034,"ARDCARN PARK","Burglary","BT57RQ"
"121847","2015-09",-6.507167,54.439496,"RICHMOUNT ROAD","Violence and sexual offences","BT624JA"
"374766","2017-05",-5.890075,54.222403,"BURRENDALE PARK ROAD","Anti-social behaviour","BT330JE"
"123418","2015-10",-6.767409,54.501358,"MILLTOWN STREET","Anti-social behaviour","BT343PS"
"342935","2017-02",-6.716278,54.549788,"BRACKAVILLE ROAD","Other crime","BT714EJ"
"343794","2017-03",-6.201525,54.716477,"TOWER WAY","Anti-social behaviour","BT411EP"
"359265","2017-04",-7.311945,54.999835,"ST COLUMBS ROAD","Anti-social behaviour",NA
"115632","2015-09",-6.744661,54.489112,"FAR CIRCULAR ROAD","Criminal damage and arson","BT716LW"
"403222","2017-07",-7.447432,54.24803,"TRASNA WAY","Anti-social behaviour","BT668DJ"
"95342","2015-08",-5.961793,54.678161,"NORTHCROFT","Anti-social behaviour",NA
"118901","2015-09",-5.940812,54.623367,"VANCOUVER DRIVE","Violence and sexual offences","BT155BY"
"172017","2016-01",-6.600329,54.753272,"BEECHLAND PLACE","Violence and sexual offences","BT456BJ"
"475567","2017-12",-5.940618,54.606678,"HOPEWELL SQUARE","Violence and sexual offences","BT131EA"
"74880","2015-06",-5.635529,54.648913,"ASHBURY COURT","Shoplifting","BT196TJ"
"100892","2015-08",-5.96623,54.597462,"CLUAIN MOR DRIVE","Criminal damage and arson","BT127UA"
"188760","2016-03",-6.049108,54.556427,"MOUNT EAGLES CRESCENT","Anti-social behaviour","BT170GL"
"437148","2017-09",-6.424206,54.421946,"ULSTERVILLE GROVE","Violence and sexual offences","BT635EZ"
"330099","2017-01",-6.005658,54.760626,"RASHEE COURT","Violence and sexual offences","BT399SE"
"330524","2017-01",-6.441213,54.422032,"SANDY ROW","Violence and sexual offences","BT125BL"
"445857","2017-10",-6.576241,54.1928,"ARMAGH STREET","Criminal damage and arson","BT350BY"
"249075","2016-07",-5.662118,54.638404,"RATHGILL GARDENS","Other theft","BT197TB"
"332564","2017-02",-5.973575,54.556443,"INISHOWEN DRIVE","Anti-social behaviour","BT100EU"
"165420","2016-01",-5.958754,54.612637,"BROOKFIELD PLACE","Anti-social behaviour","BT147FN"
"169145","2016-01",-5.927095,54.60262,"HILL STREET","Other theft","BT12LA"
"276116","2016-09",-5.937639,54.584479,"ELMWOOD AVENUE","Drugs","BT96AY"
"250647","2016-07",-7.279509,55.008325,"BRIDGEWATER","Vehicle crime","BT476YA"
"202401","2016-04",-6.216693,54.72272,"AJAX COURT","Anti-social behaviour","BT414HH"
"447277","2017-10",-6.758313,54.643874,"WESTLAND ROAD","Drugs","BT146NH"
"16708","2015-02",-6.413625,54.352052,"SINTON PARK","Criminal damage and arson","BT622BU"
"12725","2015-02",-5.92577,54.600378,"CHURCH LANE","Anti-social behaviour","BT14QH"
"329714","2017-01",-6.266506,54.352022,"CHURCH SQUARE","Violence and sexual offences","BT282GU"
"131158","2015-10",-5.935054,54.598569,"KING STREET","Drugs","BT11HU"
"94694","2015-08",-6.943696,55.045433,"RATHBEG CRESCENT","Anti-social behaviour","BT490AT"
"462732","2017-11",-7.341108,54.989038,"SOUTHWAY","Violence and sexual offences","BT489LF"
"17175","2015-02",-5.925585,54.668795,"ENNISKEEN AVENUE","Criminal damage and arson","BT379HN"
"118854","2015-09",-5.815635,54.635486,"ARDMORE HEIGHTS","Vehicle crime","BT180PY"
"25671","2015-03",-5.94134,54.60802,"FLORENCE COURT","Anti-social behaviour","BT131EY"
"97832","2015-08",-5.896091,54.5676,"BEECHGROVE PARK","Anti-social behaviour","BT60NQ"
"269416","2016-09",-6.337984,54.459325,"HILL STREET","Anti-social behaviour","BT12LA"
"145592","2015-11",-7.29641,54.98391,"DUNSEVERICK PARK","Robbery","BT472LY"
"156616","2015-12",-5.668438,54.6322,"BREEZEMOUNT RISE","Drugs","BT237TY"
"245966","2016-07",-5.943826,54.596481,"GROVE TREE SOUTH","Burglary","BT124SW"
"118501","2015-09",-5.988072,54.581932,"ST. MERYL PARK","Vehicle crime",NA
"193924","2016-03",-7.663332,54.331045,"DRUMAWILL GARDENS","Criminal damage and arson","BT745QW"
"44750","2015-04",-5.677163,54.658174,"GREENMOUNT AVENUE","Drugs","BT203DF"
"433375","2017-09",-6.512727,55.069056,"OZONE AVENUE","Drugs","BT536HU"
"446640","2017-10",-7.598946,54.713123,"OAKLEIGH GROVE","Criminal damage and arson","BT679AY"
"470529","2017-12",-6.452927,54.433746,"BALLYORAN PARK","Burglary","BT621JN"
"370914","2017-05",-6.015081,54.565703,"STEWARTSTOWN ROAD","Anti-social behaviour","BT118LT"
"180411","2016-02",-6.669365,55.135512,"RIVERSDALE ROAD","Criminal damage and arson","BT472PG"
"312647","2016-12",-5.651174,54.639343,"PENBROOKE AVENUE","Burglary","BT197WY"
"201905","2016-04",-7.349053,55.015481,"MARIANUS PARK","Anti-social behaviour","BT480QT"
"259035","2016-08",-5.942323,54.615216,"MANOR STREET","Anti-social behaviour","BT146DU"
"50574","2015-04",-6.21713,54.721595,"REPULSE COURT","Other crime","BT414HU"
"231869","2016-06",-6.315523,54.861645,"WOODCROFT HILL","Anti-social behaviour","BT421GE"
"43243","2015-04",-7.334027,54.991209,"DEANERY STREET","Criminal damage and arson","BT489HR"
"199469","2016-03",-5.993975,54.580485,"COOLNASILLA PARK EAST","Violence and sexual offences","BT118LA"
"320733","2017-01",-6.261242,54.857385,"MEADOWVALE","Anti-social behaviour","BT191DA"
"433397","2017-09",-7.31798,54.995944,"FOYLE STREET","Drugs","BT486AL"
"331037","2017-01",-5.833981,54.642635,"STRAND MEWS","Violence and sexual offences","BT189AP"
"416538","2017-08",-6.046056,54.552361,"MOUNT EAGLES AVENUE","Anti-social behaviour","BT170GN"
"235946","2016-06",-5.966872,54.676755,"MOSSGROVE PARK","Public order","BT365ES"
"158293","2015-12",-5.845973,54.589881,"KINGSDALE PARK","Robbery","BT57BY"
"352250","2017-03",-5.92411,54.658815,"GLENMOUNT ROAD","Shoplifting","BT367QJ"
"403271","2017-07",-5.87743,54.581821,"ORBY DRIVE","Anti-social behaviour","BT538EB"
"394443","2017-06",-7.016933,55.044565,"MAIN STREET","Violence and sexual offences","BT191JE"
"341215","2017-02",-5.758819,54.392756,"WESTLANDS","Violence and sexual offences","BT221DU"
"334457","2017-02",-7.285166,55.001307,"KINSALE PARK","Anti-social behaviour","BT476FB"
"461807","2017-11",-5.910804,54.563829,"SAINTFIELD ROAD","Shoplifting","BT236HB"
"435236","2017-09",-5.891737,54.598019,"CONNSWATER STREET","Shoplifting","BT41HT"
"19017","2015-02",-6.6721,54.753846,"DURNASCALLON LANE","Other theft","BT455LZ"
"170861","2016-01",-5.970595,54.568199,"MUSGRAVE PARK COURT","Vehicle crime","BT97HZ"
"28276","2015-03",-6.262561,55.197183,"RAMOAN COURT","Burglary","BT546EB"
"325284","2017-01",-5.947177,54.593528,"BURNABY COURT","Criminal damage and arson","BT125QU"
"99560","2015-08",-6.183239,54.507465,"MAGHABERRY ROAD","Burglary","BT670JE"
"336377","2017-02",-5.807277,54.59075,"COMBER ROAD","Burglary","BT161UR"
"251079","2016-07",-6.449802,54.432834,"CHURCHILL PARK","Violence and sexual offences","BT205RL"
"153128","2015-12",-7.638603,54.362182,"DERRYGORE ROAD","Anti-social behaviour","BT744FH"
"476318","2017-12",-6.903166,55.064163,"BOLEA ROAD","Violence and sexual offences","BT490QT"
"341413","2017-02",-5.967964,54.612981,"MOUNTAINVIEW PARK","Violence and sexual offences","BT147GT"
"195671","2016-03",-6.187995,54.717111,"STILES FARM","Public order","BT411LE"
"263178","2016-08",-6.143193,54.416092,"BRACKEN RIDGE","Other theft","BT251QF"
"117076","2015-09",-5.986652,54.585314,"DOWNFINE WALK","Other theft","BT118NX"
"357760","2017-04",-5.888475,54.592275,"GREENVILLE ROAD","Anti-social behaviour","BT55EP"
"371238","2017-05",-5.907707,54.596203,"PERRY COURT","Anti-social behaviour","BT54DU"
"468770","2017-12",-5.840051,54.631593,"THE GREEN","Anti-social behaviour","BT170EH"
"365995","2017-04",-6.278223,54.865264,"MILL STREET","Shoplifting","BT234LN"
"450315","2017-10",-5.98508,54.555125,"WEDDERBURN GARDENS","Violence and sexual offences","BT100FZ"
"183786","2016-02",-6.326358,54.459677,"QUEEN STREET","Violence and sexual offences","BT13EF"
"350109","2017-03",-7.309093,54.611277,"GLENELLY GARDENS","Criminal damage and arson","BT797XG"
"448525","2017-10",-6.700674,54.544752,"GLEN ROAD","Other theft","BT118AY"
"128978","2015-10",-5.952709,54.672572,"GLEBECOOLE AVENUE","Burglary","BT366JA"
"189879","2016-03",-5.959108,54.588572,"DONEGALL ROAD","Anti-social behaviour","BT125JJ"
"441193","2017-10",-6.216019,54.891893,"HOUSTON PARK","Anti-social behaviour","BT424LB"
"344842","2017-03",-5.951125,54.587952,"KITCHENER STREET","Anti-social behaviour","BT126LE"
"241061","2016-07",-6.700128,54.537631,"ARDMORE PARK","Anti-social behaviour","BT100JJ"
"474435","2017-12",-6.320757,54.748024,"THE PARADE","Vehicle crime","BT413AA"
"370481","2017-05",-5.930439,54.592551,"BANKMORE STREET","Anti-social behaviour","BT71AQ"
"339172","2017-02",-5.924127,54.587959,"ORMEAU ROAD","Other theft","BT71DX"
"205974","2016-04",-5.958232,54.681147,"BURNTHILL CRESCENT","Criminal damage and arson","BT365AE"
"324408","2017-01",-5.84958,54.611564,"GLENMILLAN DRIVE","Burglary","BT42JF"
"183204","2016-02",-7.775145,54.260192,"MARBLE ARCH ROAD","Vehicle crime","BT921AA"
"476112","2017-12",-7.642306,54.346688,"WESLEY STREET","Violence and sexual offences","BT125FQ"
"59134","2015-05",-5.865014,54.58348,"KNOCK GREEN","Other theft","BT56GJ"
"210139","2016-04",-5.545573,54.384374,"THE LIBERTY","Violence and sexual offences","BT221LU"
"218992","2016-05",-5.927653,54.600778,"WARING STREET","Criminal damage and arson","BT12DX"
"198066","2016-03",-6.33359,54.463101,"CHURCH PLACE","Violence and sexual offences","BT210DB"
"326427","2017-01",-6.276742,55.212828,"CARNDUFF PARK","Drugs","BT546LN"
"387666","2017-06",-5.928256,54.6014,"DONEGALL STREET","Anti-social behaviour","BT12FF"
"343931","2017-03",-5.912801,54.551986,"LENAGHAN CRESCENT","Anti-social behaviour","BT87JD"
"386140","2017-06",-6.519014,55.073014,"CHARLES STREET","Anti-social behaviour","BT536BQ"
"449116","2017-10",-6.442074,54.423696,"HIGH STREET","Shoplifting","BT12AA"
"473095","2017-12",-5.925874,54.670426,"DUNANNEY","Other theft","BT366DD"
"194814","2016-03",-5.984055,54.561784,"UPPER LISBURN ROAD","Other theft","BT100AA"
"284044","2016-10",-6.673721,54.346513,"MULLACREEVIE PARK","Anti-social behaviour","BT604BA"
"367706","2017-04",-6.638605,55.199357,"SUNNYVALE AVENUE","Violence and sexual offences","BT568JH"
"113545","2015-09",-5.944767,54.583325,"ASHLEY AVENUE","Burglary","BT601HD"
"110332","2015-09",-5.95079,54.598612,"CONWAY STREET","Anti-social behaviour","BT132DB"
"412858","2017-08",-6.760962,54.50423,"KILLYMAN ROAD","Anti-social behaviour","BT716DE"
"99821","2015-08",-5.660797,54.653322,"BLOOMFIELD ROAD","Burglary","BT204UH"
"23813","2015-03",-7.354619,54.966797,"VICTORIA ROAD","Anti-social behaviour","BT189BA"
"356299","2017-03",-6.043661,54.541047,"MILLTOWN AVENUE","Other crime","BT283TP"
"93019","2015-07",-6.254856,54.863546,"SKYE PARK","Violence and sexual offences","BT424EB"
"333663","2017-02",-5.940732,54.604739,"BOUNDARY WAY","Anti-social behaviour","BT131DU"
"465691","2017-12",-7.330139,55.029517,"GALLIAGH PARK","Anti-social behaviour","BT488DD"
"75532","2015-06",-5.964507,54.566542,"HARBERTON PARK","Vehicle crime","BT323TU"
"72895","2015-06",-5.931412,54.595937,"HOWARD STREET","Drugs","BT16FQ"
"403392","2017-07",-5.938664,54.633079,"SLIEVEMOYNE PARK","Anti-social behaviour","BT155GZ"
"104048","2015-08",-5.928592,54.599366,"CORN MARKET","Shoplifting","BT14DA"
"330939","2017-01",-6.070298,54.50708,"MARALIN AVENUE","Violence and sexual offences","BT204RQ"
"44272","2015-04",-5.944395,54.670212,"COLLINWARD GARDENS","Criminal damage and arson","BT366DS"
"21892","2015-02",-5.954585,54.576016,"LISBURN ROAD","Violence and sexual offences","BT00BT"
"52530","2015-05",-6.226141,54.962979,"ELMHURST PARK","Anti-social behaviour","BT436QY"
"275307","2016-09",-5.932372,54.613321,"DUNCAIRN GARDENS","Criminal damage and arson","BT152GB"
"298368","2016-11",-6.026781,54.560988,"LAURELBANK","Anti-social behaviour","BT170RR"
"40614","2015-04",-6.523025,55.20368,"BRIDGE STREET","Anti-social behaviour","BT11LS"
"448550","2017-10",-5.959188,54.602437,"BATTENBERG STREET","Other theft","BT133AT"
"26484","2015-03",-5.943511,54.598434,"MILFORD STREET","Anti-social behaviour","BT124SD"
"127776","2015-10",-6.46721,55.166663,"COLMAN AVENUE","Anti-social behaviour","BT538DP"
"217929","2016-05",-5.920783,54.651435,"BAWNMORE PARK","Anti-social behaviour","BT367BN"
"308166","2016-12",-5.709914,54.334706,"MEADOWLANDS","Anti-social behaviour","BT197SL"
"151286","2015-12",-6.950784,55.050794,"MARKET STREET","Anti-social behaviour","BT13JD"
"328097","2017-01",-5.910804,54.563829,"SAINTFIELD ROAD","Shoplifting","BT236HB"
"97143","2015-08",-7.309837,54.602082,"BROOKMOUNT CRESCENT","Anti-social behaviour","BT785HG"
"341961","2017-02",-5.927533,54.599788,"HIGH STREET","Violence and sexual offences","BT12AA"
"124806","2015-10",-6.655185,54.349964,"UPPER ENGLISH STREET","Anti-social behaviour","BT617AA"
"178440","2016-02",-6.337594,54.176318,"MARGARET STREET","Burglary","BT341BP"
"173337","2016-01",-5.937749,54.582001,"WELLESLEY AVENUE","Violence and sexual offences","BT96DG"
"396749","2017-06",-5.669548,54.630667,"BREEZEMOUNT AVENUE","Violence and sexual offences","BT237TT"
"289565","2016-10",-7.351296,54.995704,"BLIGH'S LANE","Criminal damage and arson",NA
"292938","2016-10",-6.806962,54.783528,"SIXTOWNS ROAD","Vehicle crime","BT457BA"
"282357","2016-10",-5.636651,54.64747,"ASHBURY AVENUE","Anti-social behaviour","BT196TH"
"108710","2015-09",-6.341618,54.182933,"CHEQUER HILL","Anti-social behaviour","BT356DY"
"96978","2015-08",-6.277124,54.366586,"SEAPATRICK AVENUE","Anti-social behaviour","BT324PG"
"27948","2015-03",-6.013722,54.576157,"MULROY PARK","Burglary","BT119HY"
"286238","2016-10",-6.272071,54.864889,"CARNDUFF DRIVE","Anti-social behaviour","BT437AP"
"48908","2015-04",-6.339843,54.459494,"JAMES STREET","Violence and sexual offences","BT234DY"
"2198","2015-01",-6.328254,54.471787,"LEVIN ROAD","Anti-social behaviour","BT357QT"
"460184","2017-11",-6.044442,54.542155,"MILLTOWN AVENUE","Other theft","BT283TP"
"269059","2016-09",-5.672205,54.648941,"HILL CREST WALK","Anti-social behaviour","BT204DF"
"252802","2016-07",-6.074928,54.520901,"MOLYNEAUX WALK","Violence and sexual offences","BT282XW"
"396606","2017-06",-5.935872,54.588223,"SANDY ROW","Violence and sexual offences","BT125BL"
"353341","2017-03",-5.886696,54.524729,"CARLTON HILLS","Violence and sexual offences","BT88BZ"
"124081","2015-10",-5.93543,54.595116,"GLENGALL STREET","Anti-social behaviour","BT125AB"
"297284","2016-11",-5.911571,54.605066,"QUEENS ROAD","Anti-social behaviour","BT274TZ"
"306955","2016-11",-7.327923,55.032011,"EDEROWEN PARK","Violence and sexual offences","BT488NY"
"398155","2017-07",-6.650306,54.347735,"THE MALL WEST","Anti-social behaviour","BT619AJ"
"298197","2016-11",-5.938228,54.619962,"ANTRIM ROAD","Anti-social behaviour","BT152AA"
"432580","2017-09",-5.912172,54.556737,"ORCHARD RISE","Criminal damage and arson","BT87DA"
"33786","2015-03",-5.999787,54.063129,"ROONEY PARK","Violence and sexual offences","BT344DH"
"197446","2016-03",-5.955366,54.59594,"SPRINGFIELD ROAD","Violence and sexual offences","BT127AB"
"248552","2016-07",-5.885392,54.598016,"NEVIS AVENUE","Drugs","BT43AD"
"68938","2015-06",-5.861754,54.613208,"MARMONT PARK","Anti-social behaviour","BT42GR"
"415546","2017-08",-6.94001,55.041062,"GLENBANK WALK","Anti-social behaviour","BT490RJ"
"357409","2017-04",-6.0067,54.55304,"SUNNYMEDE PARK","Anti-social behaviour","BT170PU"
"6807","2015-01",-5.674121,54.661243,"GRAY'S HILL","Other theft","BT203BB"
"2288","2015-01",-5.926303,54.262586,"MILL HILL","Anti-social behaviour","BT319NA"
"343084","2017-02",-6.068455,54.487895,"EGLANTINE ROAD","Other crime","BT275RQ"
"51827","2015-05",-5.988227,54.682593,"ROGAN MANOR","Anti-social behaviour","BT364BB"
"271617","2016-09",-5.822134,54.721294,"TOWN PARK","Anti-social behaviour","BT388FG"
"169272","2016-01",-7.474212,54.808153,"TURNBERRY MANOR","Other theft","BT829TB"
"89916","2015-07",-5.875776,54.545527,"KNOCKBRACKEN ROAD","Vehicle crime","BT236BF"
"211928","2016-04",-7.330341,54.617056,"BELTANY ROAD","Violence and sexual offences","BT784JF"
"466812","2017-12",-5.933509,54.60768,"CARLISLE ROAD","Anti-social behaviour","BT152PT"
"39121","2015-04",-6.338205,54.177136,"THE MALL","Anti-social behaviour","BT323DZ"
"389993","2017-06",-6.442551,54.414359,"TANDRAGEE ROAD","Burglary","BT356HH"
"218851","2016-05",-7.63961,54.345485,"PAGET SQUARE","Criminal damage and arson","BT747HS"
"178901","2016-02",-6.654112,54.346538,"THOMAS STREET","Burglary","BT151FF"
"247288","2016-07",-5.703224,54.587992,"LISBANE DRIVE","Criminal damage and arson","BT234PY"
"418168","2017-08",-5.940524,54.617728,"BROOKVALE AVENUE","Burglary","BT146BW"
"193307","2016-03",-6.617537,54.588175,"MOUNTJOY ROAD","Criminal damage and arson","BT715AE"
"426775","2017-09",-5.478383,54.487749,"VICTORIA ROAD","Anti-social behaviour","BT189BA"
"119088","2015-09",-5.699176,54.593378,"MILL STREET","Violence and sexual offences","BT234LN"
"68001","2015-06",-6.058467,54.513998,"HILLSIDE GARDENS","Anti-social behaviour","BT196SJ"
"128629","2015-10",-5.953088,54.580878,"MEADOWBANK PLACE","Burglary","BT473JD"
"255805","2016-08",-7.485464,54.817283,"CASTLEMURRAY","Anti-social behaviour","BT829SH"
"211683","2016-04",-5.950246,54.618378,"WYNDHAM DRIVE","Violence and sexual offences","BT146AF"
"80518","2015-07",-5.885091,54.400641,"HILLFOOT CRESCENT","Anti-social behaviour","BT248ES"
"170508","2016-01",-7.304073,54.602534,"SEDAN AVENUE","Shoplifting","BT797AQ"
"30898","2015-03",-5.902077,54.54348,"BALLYLENAGHAN PARK","Drugs","BT86WP"
"469556","2017-12",-5.825814,54.726212,"PROSPECT DOWNS","Anti-social behaviour","BT388QP"
"176337","2016-02",-6.699646,54.445881,"CLOVER HILL","Anti-social behaviour","BT717TP"
"78881","2015-06",-6.257916,54.10429,"RATH CUAIN","Other crime","BT343PF"
"352475","2017-03",-6.333109,54.460516,"CORONATION STREET","Shoplifting","BT622LR"
"20142","2015-02",-5.925779,54.586208,"DUDLEY STREET","Vehicle crime","BT71GW"
"433567","2017-09",-6.030484,54.553465,"ALTAN GARDENS","Drugs","BT170UE"
"357622","2017-04",-5.92336,54.641326,"GREENCASTLE PLACE","Anti-social behaviour","BT154HB"
"227735","2016-06",-6.332006,54.467167,"GRATTAN STREET","Anti-social behaviour","BT679AS"
"109435","2015-09",-5.997012,54.754176,"MEADOW DRIVE","Anti-social behaviour","BT235XS"
"228942","2016-06",-5.668105,54.660723,"CASTLE STREET","Anti-social behaviour","BT11BL"
"52636","2015-05",-7.282651,55.011775,"MADAM'S BANK ROAD","Anti-social behaviour",NA
"88467","2015-07",-5.874035,54.607494,"STATION ROAD","Other theft","BT180BP"
"446615","2017-10",-7.476794,54.820121,"LISNAFIN PARK","Criminal damage and arson","BT829DF"
"36541","2015-03",-6.03103,54.557517,"WOODSIDE VIEW","Other crime","BT170ST"
"191421","2016-03",-5.954923,54.668935,"ANTRIM ROAD","Anti-social behaviour","BT152AA"
"399192","2017-07",-7.278065,55.042576,"THORNHILL PARK","Anti-social behaviour","BT283EG"
"21749","2015-02",-6.2771,54.866407,"HIGH STREET","Violence and sexual offences","BT12AA"
"24908","2015-03",-5.895243,54.574144,"ALBERT DRIVE","Anti-social behaviour","BT69JH"
"67981","2015-06",-5.611961,54.257557,"THE WARD","Anti-social behaviour","BT307UP"
"251034","2016-07",-5.948579,54.615196,"BALLYCARRY STREET","Violence and sexual offences","BT146HD"
"148706","2015-11",-5.982768,54.625394,"NEW FARM LANE","Violence and sexual offences","BT148QQ"
"118447","2015-09",-5.928429,54.647945,"VANDYCK CRESCENT","Vehicle crime","BT367HF"
"332201","2017-02",-5.690084,54.592989,"MOVILLA STREET","Anti-social behaviour","BT237JG"
"203641","2016-04",-6.547719,54.482602,"BIRCHES ROAD","Anti-social behaviour","BT621LS"
"253370","2016-07",-6.022873,54.570826,"COLINVALE","Violence and sexual offences","BT170JN"
"310423","2016-12",-5.959318,54.60819,"LEOPOLD GARDENS","Anti-social behaviour","BT133XN"
"309814","2016-12",-5.902702,54.593942,"UPPER FRANK STREET","Anti-social behaviour","BT54NR"
"289587","2016-10",-6.31363,54.167917,"INNISFREE PARK","Criminal damage and arson","BT234AY"
"111652","2015-09",-5.900331,54.584979,"WILLOWHOLME PARADE","Anti-social behaviour","BT68NY"
"23008","2015-02",-6.455138,54.41063,"MAHON CLOSE","Other crime","BT623JF"
"232028","2016-06",-5.995722,54.577037,"NAVAN GREEN","Anti-social behaviour","BT118JR"
"223722","2016-05",-5.893873,54.404164,"MAIN STREET","Violence and sexual offences","BT191JE"
"14140","2015-02",-5.942221,54.659852,"FLORAL PARK","Anti-social behaviour","BT367RU"
"446450","2017-10",-5.53789,54.641521,"CHURCH COURT","Criminal damage and arson","BT189FP"
"33196","2015-03",-5.947176,54.601551,"NORTHUMBERLAND STREET","Vehicle crime","BT132JB"
"294368","2016-10",-5.960744,54.631045,"BALLYSILLAN ROAD","Violence and sexual offences","BT146QZ"
"230555","2016-06",-6.288046,54.348907,"LIMEWOOD","Anti-social behaviour","BT323FH"
"405482","2017-07",-6.74201,54.647632,"UNION STREET","Criminal damage and arson","BT12JF"
"165073","2016-01",-6.676774,54.393605,"BLACKWATERTOWN ROAD","Anti-social behaviour","BT618EZ"
"150916","2015-12",-6.333884,54.183644,"DOWNSHIRE COURT","Anti-social behaviour","BT205RT"
"73670","2015-06",-5.651964,54.398523,"STRANGFORD VIEW","Other theft","BT222SE"
"279734","2016-09",-5.92641,54.601179,"HILL STREET","Violence and sexual offences","BT12LA"
"377120","2017-05",-7.658537,54.532664,"HIGH STREET","Criminal damage and arson","BT12AA"
"358912","2017-04",-5.878793,54.595763,"WYNFIELD COURT","Anti-social behaviour","BT55NS"
"343884","2017-03",-6.170687,54.238932,"LISSIZE PARK","Anti-social behaviour","BT345DF"
"214391","2016-05",-6.015862,54.569992,"RIVERSIDE MEWS","Anti-social behaviour","BT119PA"
"124599","2015-10",-5.890513,54.221934,"BURRENDALE PARK ROAD","Anti-social behaviour","BT330JE"
"434312","2017-09",-6.016333,54.574933,"BUNCRANA GARDENS","Other theft","BT119HW"
"457389","2017-11",-5.922125,54.602355,"DONEGALL QUAY","Bicycle theft","BT11AA"
"442009","2017-10",-5.79577,54.58293,"COMBER ROAD","Anti-social behaviour","BT161UR"
"472191","2017-12",-5.930296,54.585306,"RUGBY ROAD","Drugs","BT401AE"
"55740","2015-05",-6.205878,54.893522,"FIR PARK","Anti-social behaviour","BT424DH"
"93447","2015-08",-5.919718,54.579159,"ORMEAU ROAD","Anti-social behaviour","BT71DX"
"284400","2016-10",-5.933077,54.578337,"STRANMILLIS STREET","Anti-social behaviour","BT95FE"
"328746","2017-01",-6.659785,55.192558,"GLENTAISIE PARK","Violence and sexual offences","BT568PW"
"77101","2015-06",-6.667091,55.12751,"MOUNTSANDEL ROAD","Violence and sexual offences","BT521JB"
"450223","2017-10",-5.938519,54.620947,"ROSEMOUNT GARDENS","Violence and sexual offences","BT155AG"
"116294","2015-09",-5.940238,54.689836,"FAIRVIEW ROAD","Drugs","BT251JF"
"128591","2015-10",-5.944349,54.585483,"DUNLUCE AVENUE","Burglary","BT568DN"
"354393","2017-03",-5.914751,54.661502,"AVONLEA GARDENS","Violence and sexual offences","BT379AL"
"50863","2015-05",-6.747082,54.640372,"RATHBEG","Anti-social behaviour","BT808HR"
"343360","2017-03",-5.923939,54.58376,"AGINCOURT AVENUE","Anti-social behaviour","BT71QA"
"344272","2017-03",-5.818803,54.718305,"ELMWOOD PARK","Anti-social behaviour","BT274AX"
"227890","2016-06",-5.963707,54.625371,"OLDPARK ROAD","Anti-social behaviour","BT146FN"
"160600","2015-12",-6.030094,54.518571,"LAWNMOUNT CRESCENT","Violence and sexual offences","BT274TT"
"358287","2017-04",-5.947879,54.689032,"BEECHGROVE GARDENS","Anti-social behaviour","BT366JF"
"287767","2016-10",-6.186956,54.505805,"MAGHABERRY ROAD","Bicycle theft","BT670JE"
"441016","2017-10",-6.022502,54.557091,"GLASVEY COURT","Anti-social behaviour","BT170DY"
"311927","2016-12",-6.261242,54.857385,"MEADOWVALE","Anti-social behaviour","BT191DA"
"270056","2016-09",-6.025042,54.57521,"SUFFOLK RISE","Anti-social behaviour","BT119RE"
"161619","2015-12",-5.920207,54.608719,"DOCK STREET","Violence and sexual offences","BT151LF"
"329883","2017-01",-6.01335,54.746637,"HUNTINGDALE GRANGE","Violence and sexual offences","BT399XY"
"279422","2016-09",-5.68509,54.594278,"WALLACES PLACE","Violence and sexual offences","BT238HL"
"200133","2016-03",-6.331658,54.190999,"KENARD VILLAS","Other crime","BT341LQ"
"149270","2015-11",-5.954585,54.576016,"LISBURN ROAD","Violence and sexual offences","BT00BT"
"241121","2016-07",-6.081318,54.521659,"WINDERMERE AVENUE","Anti-social behaviour","BT282WX"
"86410","2015-07",-5.90515,54.597192,"EDGAR STREET","Criminal damage and arson","BT54EL"
"136562","2015-10",-6.342401,54.169862,"POOL LANE","Violence and sexual offences","BT358AW"
"184704","2016-02",-5.932827,54.571072,"GENEVA GARDENS","Violence and sexual offences","BT95FY"
"144958","2015-11",-5.911414,54.397227,"GROVE ROAD","Other theft","BT248PN"
"457131","2017-11",-6.067028,54.507001,"GLENAVY GARDENS","Anti-social behaviour","BT281PB"
"6368","2015-01",-5.940314,54.633538,"SLIEVEMOYNE PARK","Drugs","BT155GZ"
"428047","2017-09",-5.700585,54.326091,"BALLYHORNAN ROAD","Anti-social behaviour","BT306RB"
"435331","2017-09",-5.976491,54.577777,"KENNEDY WAY INDUSTRIAL ESTATE","Shoplifting",NA
"65087","2015-06",-6.068749,54.512743,"INISCARN CLOSE","Anti-social behaviour","BT282BX"
"396105","2017-06",-7.726146,54.521446,"ERNE PARK","Violence and sexual offences","BT931SJ"
"454883","2017-11",-5.655562,54.399977,"LIMETREE HOLLOW","Anti-social behaviour","BT309PY"
"198695","2016-03",-6.03437,54.529557,"MOSS ROAD","Violence and sexual offences","BT189RR"
"46838","2015-04",-6.207569,54.496247,"LISNABILLA ROAD","Shoplifting","BT670JW"
"377680","2017-05",-6.552202,54.771753,"BELLS COURT","Criminal damage and arson","BT458BF"
"161748","2015-12",-6.516126,55.072376,"MARKET STREET","Violence and sexual offences","BT13JD"
"38942","2015-04",-5.635529,54.648913,"ASHBURY COURT","Anti-social behaviour","BT196TJ"
"465360","2017-12",-5.872414,54.600574,"EDENVALE CRESCENT","Anti-social behaviour","BT238XF"
"170147","2016-01",-7.335647,54.991514,"CELTIC COURT","Possession of weapons","BT489LG"
"464926","2017-11",-6.277566,54.341686,"FORT STREET","Violence and sexual offences","BT127BH"
"93364","2015-07",-5.887652,54.591434,"WOODCOT AVENUE","Other crime","BT55EN"
"472397","2017-12",-6.951585,55.047073,"ROE MILL WALK","Drugs","BT499BJ"
"256038","2016-08",-5.695141,54.596312,"UPPER NORTH STREET","Anti-social behaviour","BT234DE"
"382402","2017-05",-5.87855,54.603117,"SYDENHAM CRESCENT","Violence and sexual offences","BT41PX"
"400869","2017-07",-6.269966,54.859136,"MOAT ROAD","Anti-social behaviour","BT221DJ"
"50021","2015-04",-6.359474,54.37352,"DUNBARTON STREET","Violence and sexual offences","BT636HJ"
"305717","2016-11",-5.93162,54.539631,"BALLYCOAN ROAD","Violence and sexual offences","BT88LL"
"372011","2017-05",-5.82307,54.64766,"THE CLOSE","Anti-social behaviour","BT100GG"
"7333","2015-01",-5.975235,54.623049,"LEROY STREET","Other theft","BT148AU"
"433452","2017-09",-5.94239,54.589673,"BENTHAM DRIVE","Drugs","BT125NS"
"289347","2016-10",-6.278102,54.880526,"JOHNSTON CLOSE","Criminal damage and arson","BT436LT"
"194259","2016-03",-5.886064,54.598495,"HOLYWOOD ROAD","Drugs","BT189QA"
"144352","2015-11",-5.921428,54.64548,"GREENCASTLE CLOSE","Other theft","BT367HT"
"315612","2016-12",-5.971898,54.566244,"KINGS COURT","Other theft","BT100AF"
"305851","2016-11",-5.699039,54.594157,"REGENT STREET","Violence and sexual offences","BT131EX"
"97569","2015-08",-6.653657,54.345886,"DOBBIN STREET","Anti-social behaviour","BT617QH"
"443496","2017-10",-5.81171,54.720594,"SUNNYLANDS GROVE","Anti-social behaviour","BT388JH"
"415565","2017-08",-6.183738,54.10517,"GLEANN SI","Anti-social behaviour","BT343TX"
"473477","2017-12",-6.277619,54.353655,"IVEAGH VIEW","Other theft","BT323YQ"
"249396","2016-07",-5.872615,54.608602,"INVERWOOD GARDENS","Other theft","BT41RG"
"234671","2016-06",-6.914734,54.490175,"CABRAGH ROAD","Other theft","BT342HX"
"429574","2017-09",-7.330093,55.007895,"GLENVIEW STREET","Anti-social behaviour","BT147DP"
"361641","2017-04",-5.913838,54.656329,"MERVILLE GARDEN VILLAGE","Anti-social behaviour","BT379TF"
"186965","2016-03",-5.808482,54.716564,"ALBERT ROAD","Anti-social behaviour","BT387FB"
"149570","2015-11",-5.907422,54.685878,"HOLLYBANK DRIVE","Other crime","BT370HG"
"420472","2017-08",-5.896379,54.597723,"MOURNE STREET","Other theft","BT54JL"
"358751","2017-04",-5.952692,54.632562,"BALLYSILLAN ROAD","Anti-social behaviour","BT146QZ"
"347409","2017-03",-5.892023,54.572417,"DOWNSHIRE PARK CENTRAL","Anti-social behaviour","BT69JN"
"242605","2016-07",-5.714027,54.329869,"SAUL STREET","Anti-social behaviour","BT306NG"
"247586","2016-07",-6.581228,55.035953,"GLASGORT ROAD","Criminal damage and arson","BT514AE"
"430778","2017-09",-5.930439,54.592551,"BANKMORE STREET","Anti-social behaviour","BT71AQ"
"19983","2015-02",-5.93895,54.598042,"GALWAY STREET","Vehicle crime","BT124AF"
"40417","2015-04",-7.633041,54.344127,"BELMORE STREET","Anti-social behaviour","BT746AA"
"289776","2016-10",-6.301181,54.852713,"MORNINGSIDE","Criminal damage and arson","BT205PD"
"166201","2016-01",-5.940006,54.61603,"BROOKHILL AVENUE","Anti-social behaviour","BT146AQ"
"74300","2015-06",-5.898413,54.678642,"GLENVILLE PARK","Other theft","BT370TE"
"368924","2017-04",-6.658425,55.133973,"WINDSOR AVENUE","Violence and sexual offences","BT189DG"
"399500","2017-07",-6.452777,54.423016,"MARGARET STREET","Anti-social behaviour","BT341BP"
"389347","2017-06",-7.30162,54.602116,"DRUMRAGH AVENUE","Anti-social behaviour","BT781DP"
"224511","2016-05",-5.914058,54.570957,"ROSETTA AVENUE","Violence and sexual offences","BT73HG"
"451898","2017-10",-5.944352,54.617353,"EASTON AVENUE","Violence and sexual offences","BT146LL"
"342633","2017-02",-6.413089,54.351595,"SINTON PARK","Violence and sexual offences","BT622BU"
"227602","2016-06",-6.745891,54.651885,"LISSAN ROAD","Anti-social behaviour","BT744FS"
"60698","2015-05",-5.927653,54.600778,"WARING STREET","Theft from the person","BT12DX"
"163462","2016-01",-5.826179,54.717943,"ALBANY DRIVE","Anti-social behaviour","BT388BF"
"253327","2016-07",-5.966337,54.602459,"SPRINGFIELD ROAD","Violence and sexual offences","BT127AB"
"133903","2015-10",-5.965383,54.580627,"BOUCHER CRESCENT","Vehicle crime","BT126HU"
"249947","2016-07",-6.113566,54.443297,"HILLSBOROUGH ROAD","Public order","BT235PJ"
"245781","2016-07",-7.328233,54.491277,"LISDERGAN ROAD","Anti-social behaviour","BT782NS"
"26878","2015-03",-6.011017,54.566912,"BLACKS ROAD","Anti-social behaviour","BT100NB"
"358218","2017-04",-6.2146,54.80663,"CHURCH ROAD","Anti-social behaviour","BT162LN"
"433933","2017-09",-5.935598,54.686837,"FORTHILL GARDENS","Other theft","BT366QT"
"91106","2015-07",-5.932455,54.594903,"CLARENCE STREET WEST","Violence and sexual offences","BT27GP"
"18477","2015-02",-5.931955,54.603844,"UNION STREET","Other theft","BT12JF"
"454664","2017-11",-6.219285,54.714583,"MARKET SQUARE","Anti-social behaviour","BT251AW"
"311949","2016-12",-6.149362,54.418325,"MAYPOLE PARK","Anti-social behaviour","BT251SH"
"473515","2017-12",-5.930334,54.599189,"CASTLE STREET","Possession of weapons","BT11BL"
"396547","2017-06",-5.961874,54.604109,"DHU VARREN CRESCENT","Violence and sexual offences","BT133FL"
"155069","2015-12",-6.529881,54.772796,"HILLHEAD ROAD","Criminal damage and arson","BT161XD"
"448925","2017-10",-6.766115,54.511532,"DRUMCOO GREEN","Public order","BT714AJ"
"160737","2015-12",-6.338659,54.177259,"BANK PARADE","Violence and sexual offences","BT356HP"
"122595","2015-10",-5.894963,54.597267,"ALBERTBRIDGE ROAD","Anti-social behaviour","BT54GP"
"305682","2016-11",-6.330785,54.45813,"TRASNA WAY","Violence and sexual offences","BT668DJ"
"253406","2016-07",-5.834315,54.641895,"SHORE ROAD","Violence and sexual offences","BT153PG"
"38477","2015-04",-7.327247,55.000496,"FRANCIS STREET","Anti-social behaviour","BT11EJ"
"151679","2015-12",-5.67973,54.654468,"CLANDEBOYE ROAD","Anti-social behaviour","BT191AA"
"193062","2016-03",-6.442551,54.414359,"TANDRAGEE ROAD","Criminal damage and arson","BT356HH"
"395831","2017-06",-6.718638,55.183767,"THE PROMENADE","Violence and sexual offences","BT557AD"
"400321","2017-07",-6.736289,54.633809,"CASTLE VILLAS","Anti-social behaviour","BT808JE"
"259298","2016-08",-5.92591,54.598233,"VICTORIA SQUARE","Anti-social behaviour","BT14DG"
"39040","2015-04",-5.950249,54.608459,"JAFFA STREET","Anti-social behaviour",NA
"424458","2017-08",-5.948435,54.664171,"M2","Violence and sexual offences",NA
"144715","2015-11",-6.344649,54.17416,"PETERS PLACE","Other theft","BT358EE"
"12133","2015-02",-5.932248,54.586157,"BOTANIC AVENUE","Anti-social behaviour","BT71JG"
"221764","2016-05",-5.936644,54.59192,"SANDY ROW","Other theft","BT125BL"
"113125","2015-09",-5.968348,54.601226,"WATERMOUTH CRESCENT","Anti-social behaviour","BT127FH"
"30684","2015-03",-6.201755,54.719014,"ORIEL PARK","Drugs","BT411ES"
"4678","2015-01",-5.916611,54.569716,"ST. JOHNS PARK","Burglary","BT350JQ"
"376195","2017-05",-5.987462,54.579245,"GLENHILL PARK","Burglary","BT118GA"
"166665","2016-01",-5.935146,54.581175,"LANDSEER STREET","Burglary","BT95AL"
"97667","2015-08",-7.591722,54.711015,"BREEZEMOUNT PARK","Anti-social behaviour","BT237TS"
"366252","2017-04",-5.924849,54.597496,"SEYMOUR STREET","Shoplifting","BT274SQ"
"187936","2016-03",-5.947879,54.689032,"BEECHGROVE GARDENS","Anti-social behaviour","BT366JF"
"50910","2015-05",-5.831091,54.642808,"BANGOR ROAD","Anti-social behaviour","BT180BY"
"271739","2016-09",-6.652293,54.345754,"DOBBIN STREET","Anti-social behaviour","BT617QH"
"215738","2016-05",-6.280495,54.332671,"SPRINGFIELDS","Anti-social behaviour","BT323LT"
"345443","2017-03",-6.673699,55.131526,"HANOVER PLACE","Anti-social behaviour","BT521EB"
"356356","2017-03",-5.72209,54.316947,"RACE COURSE ROAD","Other crime","BT306BA"
"147727","2015-11",-5.910249,54.590991,"RAVENHILL ROAD","Violence and sexual offences","BT60BA"
"5716","2015-01",-6.422461,54.418455,"MANDERLEY COURT","Criminal damage and arson","BT635UN"
"303912","2016-11",-6.110693,54.374427,"ENAGH ROAD","Possession of weapons","BT252ES"
"27028","2015-03",-5.650977,54.400966,"FREDERICK STREET","Anti-social behaviour","BT12LW"
"452065","2017-10",-7.330477,55.018596,"BALLINISKA ROAD","Violence and sexual offences","BT480GF"
"276684","2016-09",-6.226574,54.723916,"CORAL CRESCENT","Other theft","BT414LW"
"413675","2017-08",-5.919554,54.664873,"BRADAN COURT","Anti-social behaviour","BT379BQ"
"350871","2017-03",-6.462839,54.425041,"BALLYBAY AVENUE","Drugs","BT624BA"
"98141","2015-08",-6.206725,54.725942,"STEEPLE GREEN","Anti-social behaviour","BT411BP"
"374051","2017-05",-5.675284,54.628118,"MORLEY AVENUE","Anti-social behaviour","BT237TR"
"183866","2016-02",-7.638098,54.344322,"TOWNHALL STREET","Violence and sexual offences","BT747BA"
"95229","2015-08",-5.981579,54.602508,"BLACK MOUNTAIN WALK","Anti-social behaviour","BT133TX"
"328793","2017-01",-6.015113,54.376802,"MEADOW LANE","Violence and sexual offences","BT251SU"
"407212","2017-07",-5.935169,54.588355,"LISBURN ROAD","Other theft","BT00BT"
"112569","2015-09",-5.737894,54.552021,"DE WIND DRIVE","Anti-social behaviour","BT235BJ"
"467109","2017-12",-6.277619,54.353655,"IVEAGH VIEW","Anti-social behaviour","BT323YQ"
"25780","2015-03",-5.666793,54.591401,"BALLYREAGH COURT","Anti-social behaviour","BT238XH"
"148612","2015-11",-7.346697,54.989275,"RATHLIN DRIVE","Violence and sexual offences","BT436NH"
"455191","2017-11",-5.938663,54.60403,"SHANKILL TERRACE","Anti-social behaviour","BT131EN"
"50794","2015-05",-6.60926,54.751003,"GREENVALE PARK","Anti-social behaviour","BT411SG"
"109418","2015-09",-5.622837,54.666977,"BALLYMACORMICK ROAD","Anti-social behaviour","BT196AA"
"134716","2015-10",-6.357724,54.131751,"NEWTOWN ROAD","Violence and sexual offences","BT343BY"
"9224","2015-01",-6.32004,54.749964,"MAIN STREET","Violence and sexual offences","BT191JE"
"284763","2016-10",-6.270225,54.348805,"SCARVA STREET","Anti-social behaviour","BT323AD"
"109092","2015-09",-6.023008,54.552714,"GARDENMORE ROAD","Anti-social behaviour","BT170BH"
"453638","2017-11",-7.738864,54.520135,"CREVENISH ROAD","Anti-social behaviour",NA
"110108","2015-09",-5.911993,54.694708,"BURNET CLOSE","Anti-social behaviour","BT370XU"
"115029","2015-09",-5.949134,54.616769,"OLDPARK AVENUE","Criminal damage and arson","BT146HH"
"233835","2016-06",-6.047071,54.517534,"MAGHERALAVE ROAD","Criminal damage and arson","BT283BD"
"102702","2015-08",-5.65936,54.662944,"DONAGHADEE ROAD","Other theft","BT196DP"
"300621","2016-11",-5.928176,54.655973,"LONGLANDS WALK","Burglary","BT367NQ"
"278624","2016-09",-5.949379,54.623916,"WESTLAND GARDENS","Vehicle crime","BT146NF"
"365634","2017-04",-5.701767,54.593517,"MANOR COURT","Other theft","BT146FF"
"242944","2016-07",-5.992263,54.750944,"BELLEVUE PLACE","Anti-social behaviour","BT399AT"
"231425","2016-06",-5.957376,54.603386,"AZAMOR STREET","Anti-social behaviour","BT132QF"
"196214","2016-03",-5.932543,54.587061,"BOTANIC AVENUE","Shoplifting","BT71JG"
"316054","2016-12",-5.967502,54.609505,"BALLYGOMARTIN ROAD","Shoplifting","BT133BW"
"53721","2015-05",-5.81256,54.735075,"RED BRAE ROAD","Anti-social behaviour","BT389AJ"
"64217","2015-05",-5.993488,54.596362,"DERMOTT HILL WAY","Violence and sexual offences","BT127GJ"
"261041","2016-08",-6.660705,54.347618,"DRUIDS VILLAS","Criminal damage and arson","BT604AU"
"264731","2016-08",-6.052099,54.511829,"RIDGEWAY STREET","Shoplifting","BT281BY"
"178306","2016-02",-7.483296,54.615326,"LOUGHREY TERRACE","Anti-social behaviour","BT784SG"
"229101","2016-06",-6.644004,54.346685,"ROSEMOUNT PARK","Anti-social behaviour","BT370NL"
"193597","2016-03",-7.275921,54.601066,"EDINBURGH PARK","Criminal damage and arson","BT790DN"
"404605","2017-07",-5.934143,54.590584,"GREAT VICTORIA STREET","Criminal damage and arson","BT27AB"
"247556","2016-07",-5.684074,54.654111,"SILVERSTREAM AVENUE","Criminal damage and arson","BT148GL"
"224978","2016-05",-7.319963,54.996961,"SHIPQUAY STREET","Violence and sexual offences","BT486AR"
"6125","2015-01",-6.637117,55.196043,"BALLYWILLIN CRESCENT","Criminal damage and arson","BT568GJ"
"218058","2016-05",-6.002199,54.573002,"CONOR RISE","Anti-social behaviour","BT119LP"
"85230","2015-07",-5.925203,54.602102,"VICTORIA STREET","Burglary","BT13GA"
"334049","2017-02",-7.299491,54.604403,"OLD MOUNTFIELD ROAD","Anti-social behaviour","BT797BJ"
"260970","2016-08",-5.639131,54.647986,"CLOVERHILL PARK","Criminal damage and arson","BT196YB"
"146823","2015-11",-5.977077,54.601525,"HIGHPARK DRIVE","Violence and sexual offences","BT133RX"
"312351","2016-12",-5.848846,54.259467,"DROMARA ROAD","Burglary","BT248JL"
"178286","2016-02",-6.451167,54.419546,"FITZROY STREET","Anti-social behaviour","BT623HF"
"431063","2017-09",-5.932635,54.591645,"VENTRY STREET","Anti-social behaviour","BT27JP"
"367588","2017-04",-6.215174,54.732904,"GLENCRAIG MANOR","Violence and sexual offences","BT412LE"
"77451","2015-06",-5.977014,54.594372,"SPRINGHILL DRIVE","Violence and sexual offences","BT127SH"
"470912","2017-12",-5.949525,54.609624,"BADEN POWELL STREET","Criminal damage and arson","BT131LR"
"405098","2017-07",-5.863262,54.579127,"WHINCROFT ROAD","Criminal damage and arson","BT57JY"
"461713","2017-11",-5.930446,54.599424,"ROYAL AVENUE","Shoplifting","BT11AL"
"243113","2016-07",-6.761183,54.512758,"DUNLEA VALE","Anti-social behaviour","BT714BA"
"423900","2017-08",-6.944669,55.039971,"COOLESSAN WALK","Violence and sexual offences","BT499EN"
"39175","2015-04",-6.945833,55.045092,"DONALDS ROAD","Anti-social behaviour",NA
"288845","2016-10",-6.662513,54.356846,"ABBEY PARK","Criminal damage and arson","BT204BY"
"135846","2015-10",-6.038401,54.505408,"HILLSBOROUGH OLD ROAD","Violence and sexual offences","BT275EP"
"67057","2015-06",-5.8992,54.572991,"SHESKIN WAY","Anti-social behaviour","BT60ER"
"147118","2015-11",-7.661323,54.330447,"LISGOOLE PARK","Violence and sexual offences","BT745ND"
"77112","2015-06",-5.821929,54.853487,"THE RODDENS","Violence and sexual offences","BT401HX"
"348966","2017-03",-6.06445,54.505693,"DROMARA PARK","Criminal damage and arson","BT281PX"
"291618","2016-10",-7.473693,54.784679,"ALBERT PLACE","Other theft","BT436DY"
"158961","2015-12",-5.925804,54.602454,"DUNBAR STREET","Vehicle crime","BT12LH"
"44191","2015-04",-6.421279,54.426751,"PRINCESS WAY","Criminal damage and arson","BT635DH"
"144188","2015-11",-6.225419,54.481156,"MAIN STREET","Drugs","BT191JE"
"251982","2016-07",-5.539484,54.60668,"MILL COTTAGE PARK","Violence and sexual offences","BT222FF"
"155580","2015-12",-5.488372,54.542548,"MEADOW CLOSE","Criminal damage and arson","BT152AU"
"438187","2017-09",-5.775389,54.384184,"KILMORE ROAD","Violence and sexual offences","BT309HJ"
"35492","2015-03",-5.906297,54.59112,"CHERRYVILLE STREET","Violence and sexual offences","BT68BJ"
"142188","2015-11",-6.418606,54.087804,"BALLYNAMADDA ROAD","Burglary","BT358TD"
"158407","2015-12",-6.2771,54.866407,"HIGH STREET","Shoplifting","BT12AA"
"411230","2017-07",-6.925965,55.040409,"GREENVALE","Violence and sexual offences","BT179LR"
"139170","2015-11",-7.281186,54.996693,"KINGSMERE GARDENS","Anti-social behaviour","BT475TR"
"462396","2017-11",-7.319958,54.994473,"CARLISLE ROAD","Violence and sexual offences","BT152PT"
"381269","2017-05",-5.830731,54.45712,"LISTOODER ROAD","Violence and sexual offences","BT247JA"
"284317","2016-10",-5.928224,54.586187,"UNIVERSITY STREET","Anti-social behaviour","BT71DL"
"240211","2016-07",-6.664664,54.848002,"CREWE DRIVE","Anti-social behaviour","BT465EZ"
"93379","2015-07",-5.923835,54.617722,"YORK ROAD","Other crime","BT153GU"
"167461","2016-01",-6.085008,54.523658,"MOURNE VIEW PARK","Criminal damage and arson","BT282UG"
"7765","2015-01",-7.3196,54.992522,"CARLISLE ROAD","Public order","BT152PT"
"428890","2017-09",-6.289944,54.930545,"ROCKSTOWN ROAD","Anti-social behaviour","BT436QS"
"255521","2016-08",-5.895212,54.589158,"WAYLAND STREET","Anti-social behaviour","BT55GU"
"97309","2015-08",-5.665611,54.590435,"BALLYREAGH WAY","Anti-social behaviour","BT238XL"
"205854","2016-04",-5.955627,54.583931,"OLYMPIA STREET","Criminal damage and arson","BT126NJ"
"414977","2017-08",-5.931149,54.595941,"DONEGALL SQUARE WEST","Anti-social behaviour","BT16JA"
"169949","2016-01",-5.659134,54.635876,"HAZELVIEW","Other theft","BT197YS"
"268734","2016-09",-5.93895,54.598042,"GALWAY STREET","Anti-social behaviour","BT124AF"
"88533","2015-07",-5.935448,54.605476,"STANHOPE DRIVE","Other theft","BT131BL"
"287894","2016-10",-6.367882,54.473766,"BOCONNELL LANE","Burglary","BT666NE"
"399956","2017-07",-6.709853,55.187933,"STATION ROAD","Anti-social behaviour","BT180BP"
"413635","2017-08",-7.030191,54.464206,"KNOCK CRESCENT","Anti-social behaviour","BT702JN"
"256092","2016-08",-5.924715,54.585229,"THE CLOISTERS","Anti-social behaviour","BT578PA"
"215743","2016-05",-6.276577,54.877935,"WINDSOR WALK","Anti-social behaviour","BT389RW"
"231564","2016-06",-6.037577,54.524865,"FERNDELL","Anti-social behaviour","BT274HQ"
"353474","2017-03",-6.019939,54.564354,"KESTREL GRANGE","Violence and sexual offences","BT170FF"
"142919","2015-11",-5.82614,54.638909,"CHURCH ROAD","Criminal damage and arson","BT162LN"
"415720","2017-08",-7.328402,54.998733,"LITTLE DIAMOND","Anti-social behaviour","BT489ED"
"401997","2017-07",-6.658618,55.148312,"WOODBURN CRESCENT","Anti-social behaviour","BT522QZ"
"24865","2015-03",-5.822548,54.845465,"INVER HEIGHTS","Anti-social behaviour","BT403AR"
"187610","2016-03",-6.328264,54.452641,"TOBERHEWNY LANE LOWER","Anti-social behaviour","BT668JJ"
"406344","2017-07",-5.911809,54.590748,"PARK PARADE","Drugs","BT274AJ"
"279583","2016-09",-6.047749,54.504939,"ELMWOOD DRIVE","Violence and sexual offences","BT203LJ"
"443663","2017-10",-5.955534,54.605862,"DEWEY STREET","Anti-social behaviour","BT133GT"
"249712","2016-07",-6.352811,54.481801,"TURMOYRA COURT","Other theft","BT666SD"
"361871","2017-04",-6.328007,54.163014,"TORAGH PARK","Anti-social behaviour","BT342QS"
"466286","2017-12",-5.92411,54.658815,"GLENMOUNT ROAD","Anti-social behaviour","BT367QJ"
"216700","2016-05",-7.31585,54.600571,"STRULE PARK","Anti-social behaviour","BT785HN"
"360365","2017-04",-5.924545,54.595253,"GRACE STREET","Anti-social behaviour","BT28LU"
"239895","2016-06",-5.959391,54.605181,"MAYO PLACE","Violence and sexual offences","BT133EG"
"405136","2017-07",-6.336355,54.465277,"WILLIAM STREET","Criminal damage and arson","BT11PR"
"168288","2016-01",-7.648518,54.352195,"DERRIN PARK","Criminal damage and arson","BT746BP"
"169795","2016-01",-6.390876,54.444471,"PARKMORE","Other theft","BT456EZ"
"463841","2017-11",-5.934012,54.607842,"HENRY PLACE","Violence and sexual offences","BT152AY"
"30013","2015-03",-5.89022,54.574991,"ROCHESTER AVENUE","Criminal damage and arson","BT69JU"
"247672","2016-07",-7.45844,54.823364,"BARRACK STREET","Criminal damage and arson","BT124AH"
"330405","2017-01",-5.902077,54.54348,"BALLYLENAGHAN PARK","Violence and sexual offences","BT86WP"
"210570","2016-04",-6.718638,55.183767,"THE PROMENADE","Violence and sexual offences","BT557AD"
"11668","2015-02",-5.529029,54.605505,"BALLYMACRUISE DRIVE","Anti-social behaviour","BT222NN"
"412669","2017-08",-6.278889,54.864986,"GEORGE STREET","Anti-social behaviour","BT435AP"
"39514","2015-04",-7.328032,55.003087,"ACADEMY ROAD","Anti-social behaviour","BT487HP"
"309474","2016-12",-7.314524,54.377171,"SPOUT GARDENS","Anti-social behaviour","BT750PX"
"120841","2015-09",-7.26821,55.031433,"PARKMORE DRIVE","Violence and sexual offences","BT435DT"
"102872","2015-08",-6.02447,54.570735,"COLINVALE","Other theft","BT170JN"
"218938","2016-05",-6.333612,54.802555,"TAMLOUGH ROAD","Criminal damage and arson","BT413DP"
"308482","2016-12",-5.924127,54.587959,"ORMEAU ROAD","Anti-social behaviour","BT71DX"
"74681","2015-06",-5.979949,54.581348,"FALLS ROAD","Shoplifting","BT119AA"
"341475","2017-02",-5.959712,54.591341,"BROADWAY","Violence and sexual offences","BT126AS"
"220819","2016-05",-5.974387,54.666881,"HOLLYBROOK PARK","Drugs","BT364ZN"
"86502","2015-07",-7.328104,55.026811,"MOSS PARK","Criminal damage and arson","BT488JX"
"46265","2015-04",-5.894829,54.58128,"THE VILLAGE GREEN","Other theft","BT473WB"
"101952","2015-08",-5.712343,54.315882,"GLEBETOWN DRIVE","Drugs","BT306PZ"
"465147","2017-11",-7.286,54.974633,"STEVENSON PARK","Other crime","BT473QS"
"318160","2016-12",-7.316195,54.378537,"EDFIELD WAY","Violence and sexual offences","BT750QH"
"392624","2017-06",-5.853529,54.595074,"HAWTHORNDEN WAY","Other theft","BT43LA"
"376620","2017-05",-7.643682,54.347653,"QUEEN STREET","Criminal damage and arson","BT13EF"
"97274","2015-08",-5.957396,54.671852,"CARNMONEY ROAD","Anti-social behaviour","BT365HP"
"286229","2016-10",-6.416038,54.426817,"KILLYCOMAIN PARK","Anti-social behaviour","BT635JL"
"15243","2015-02",-6.077403,54.463958,"BALLYNAHINCH ROAD","Anti-social behaviour","BT247AD"
"213416","2016-05",-7.323947,54.99048,"ALMA PLACE","Anti-social behaviour","BT486SJ"
"213082","2016-05",-6.778745,54.508408,"DONAGHMORE ROAD","Anti-social behaviour","BT341SE"
"146708","2015-11",-5.716178,54.329325,"CHURCH AVENUE","Violence and sexual offences","BT179RS"
"472999","2017-12",-5.971898,54.566244,"KINGS COURT","Other theft","BT100AF"
"69136","2015-06",-6.36349,54.437338,"GARRYMORE","Anti-social behaviour","BT655JE"
"31723","2015-03",-7.141316,54.534346,"RADERGAN ROAD","Other theft","BT702EH"
"278986","2016-09",-5.716178,54.329325,"CHURCH AVENUE","Violence and sexual offences","BT179RS"
"96808","2015-08",-6.671349,55.142801,"CLOONAVIN PARK","Anti-social behaviour","BT521RU"
"38417","2015-04",-5.918641,54.57693,"DERAMORE STREET","Anti-social behaviour","BT73FS"
"169592","2016-01",-5.939891,54.576952,"SANS SOUCI PARK","Other theft","BT95BZ"
"51","2015-01",-6.255593,54.863063,"SKYE PARK","Anti-social behaviour","BT424EB"
"71325","2015-06",-5.902077,54.54348,"BALLYLENAGHAN PARK","Criminal damage and arson","BT86WP"
"449730","2017-10",-5.893556,54.505513,"DRUMLIN MANOR","Vehicle crime","BT88SS"
"307317","2016-11",-5.987248,54.586402,"NORFOLK WAY","Violence and sexual offences","BT118EN"
"366636","2017-04",-6.705631,54.247133,"DAVIS STREET","Vehicle crime","BT356DF"
"54960","2015-05",-5.997968,54.580749,"AIRFIELD HEIGHTS","Anti-social behaviour","BT118QU"
"448570","2017-10",-5.88188,54.70282,"WHITETHORN","Other theft","BT388FH"
"117436","2015-09",-5.708843,54.593715,"CIRCULAR ROAD","Other theft","BT234BN"
"245722","2016-07",-6.249062,54.101781,"THE ROWANS","Anti-social behaviour","BT324DQ"
"381125","2017-05",-5.927349,54.585445,"FITZROY AVENUE","Violence and sexual offences","BT71HS"
"274188","2016-09",-6.274335,54.884093,"MILLFIELD","Burglary","BT11HS"
"331775","2017-02",NA,NA,"NO LOCATION","Anti-social behaviour",NA
"29539","2015-03",-7.325852,55.028676,"ALTCAR PARK","Criminal damage and arson","BT488HY"
"29587","2015-03",-5.981574,54.556621,"DE BEERE COURT","Criminal damage and arson","BT100DF"
"224705","2016-05",-5.914614,54.595496,"MAYS MEADOW","Violence and sexual offences","BT13BL"
"459154","2017-11",-5.888915,54.69314,"MEADOWLANDS","Criminal damage and arson","BT197SL"
"324239","2017-01",-6.943696,55.045433,"RATHBEG CRESCENT","Burglary","BT490AT"
"135296","2015-10",-6.215391,54.619497,"ORCHARD GROVE","Violence and sexual offences","BT221SF"
"269179","2016-09",-5.921861,54.618182,"GLASGOW STREET","Anti-social behaviour","BT153JA"
"257817","2016-08",-5.949245,54.585018,"ASHLEY DRIVE","Anti-social behaviour","BT205RD"
"62924","2015-05",-5.940605,54.600811,"FINGALS COURT","Violence and sexual offences","BT132DP"
"65192","2015-06",-6.271918,54.882675,"DUNCLUG GARDENS","Anti-social behaviour","BT436NN"
"45443","2015-04",-6.744976,54.645884,"CENTRAL AVENUE","Other theft","BT203AF"
"368704","2017-04",-6.278575,54.861774,"QUEEN STREET","Violence and sexual offences","BT13EF"
"155314","2015-12",-6.024426,54.551821,"IRIS LINK","Criminal damage and arson","BT170BJ"
"154810","2015-12",-6.449596,54.431762,"CHURCHILL PARK","Burglary","BT205RL"
"64869","2015-06",-5.965834,54.674249,"DERRYMORE AVENUE","Anti-social behaviour","BT367AA"
"387516","2017-06",-6.699799,55.184727,"APOLLO ROAD","Anti-social behaviour","BT126HP"
"333655","2017-02",-6.017227,54.553653,"SUMMERHILL MEWS","Anti-social behaviour","BT170LQ"
"167843","2016-01",-5.940524,54.617728,"BROOKVALE AVENUE","Criminal damage and arson","BT146BW"
"299190","2016-11",-5.931541,54.596433,"DONEGALL SQUARE WEST","Anti-social behaviour","BT16JA"
"429945","2017-09",-6.251211,54.099763,"CHURCH STREET","Anti-social behaviour","BT11ER"
"368759","2017-04",-7.638878,54.344809,"TOWNHALL STREET","Violence and sexual offences","BT747BA"
"2047","2015-01",-5.661617,54.66332,"DONAGHADEE ROAD","Anti-social behaviour","BT196DP"
"19608","2015-02",-6.252546,54.100358,"CHURCH LANE","Shoplifting","BT14QH"
"72092","2015-06",-6.269228,54.343984,"MARYVILLE PARK","Criminal damage and arson","BT203RJ"
"5304","2015-01",-5.841758,54.582986,"BRIARWOOD PARK","Criminal damage and arson","BT196UY"
"470095","2017-12",-5.89663,54.593459,"AVONIEL ROAD","Burglary","BT54SE"
"266389","2016-08",-6.225419,54.481156,"MAIN STREET","Violence and sexual offences","BT191JE"
"441668","2017-10",-7.634593,54.474095,"FORTHILL PARK","Anti-social behaviour","BT366QU"
"433768","2017-09",-6.684048,55.129608,"HILLVIEW PARK","Drugs","BT274PA"
"403174","2017-07",-5.939027,54.62622,"KENBELLA PARADE","Anti-social behaviour","BT155DX"
"80142","2015-07",-6.668424,55.12845,"BERESFORD ROAD","Anti-social behaviour","BT521GE"
"281257","2016-09",-5.707472,54.578198,"LANSDOWNE AVENUE","Violence and sexual offences","BT234GJ"
"134859","2015-10",-5.954585,54.576016,"LISBURN ROAD","Violence and sexual offences","BT00BT"
"39977","2015-04",-5.930154,54.597254,"DONEGALL SQUARE NORTH","Anti-social behaviour","BT15DP"
"204157","2016-04",-5.930305,54.598533,"DONEGALL PLACE","Anti-social behaviour","BT15AA"
"454812","2017-11",-7.285911,55.001599,"SEYMOUR GARDENS","Anti-social behaviour","BT476ND"
"369180","2017-04",-5.939435,54.631627,"OLD CAVEHILL ROAD","Violence and sexual offences","BT155FH"
"80078","2015-07",-6.042678,54.510895,"MARKET SQUARE","Anti-social behaviour","BT251AW"
"36206","2015-03",-5.93162,54.539631,"BALLYCOAN ROAD","Violence and sexual offences","BT88LL"
"284555","2016-10",-6.383136,54.46797,"DERRYMACASH ROAD","Anti-social behaviour","BT666LG"
"472672","2017-12",-6.312478,54.746921,"SHANES STREET","Other theft","BT412AA"
"140948","2015-11",-6.045611,54.541626,"MILLTOWN CRESCENT","Anti-social behaviour","BT283TX"
"163397","2016-01",-5.9336,54.5946,"AMELIA STREET","Anti-social behaviour","BT27GS"
"117948","2015-09",-5.92411,54.658815,"GLENMOUNT ROAD","Shoplifting","BT367QJ"
"229695","2016-06",-6.261062,54.10802,"RIDGEFIELD GROVE","Anti-social behaviour","BT343JX"
"391245","2017-06",-6.648976,55.203371,"CAUSEWAY STREET","Criminal damage and arson","BT568AB"
"165915","2016-01",-6.659079,55.189262,"GLENMANUS PARK","Anti-social behaviour","BT568PF"
"327998","2017-01",-6.655962,55.126993,"LODGE PARK","Shoplifting","BT521UN"
"325357","2017-01",-5.905294,54.586251,"MILLAR STREET","Criminal damage and arson","BT68JZ"
"172833","2016-01",-6.184973,54.732986,"BUSH ROAD","Violence and sexual offences","BT221DL"
"352228","2017-03",-5.947788,54.594311,"ARUNDEL WALK","Robbery","BT125RF"
"50028","2015-04",-6.057456,54.502436,"BEECHLAND DRIVE","Violence and sexual offences","BT281HR"
"130036","2015-10",-5.786457,54.504183,"COMBER ROAD","Criminal damage and arson","BT161UR"
"122143","2015-10",-6.683014,54.33144,"HILL STREET","Anti-social behaviour","BT12LA"
"245083","2016-07",-7.47373,54.790203,"THE HAWTHORNS","Anti-social behaviour","BT100NA"
"293732","2016-10",-5.940467,54.227875,"TUDOR HEIGHTS","Violence and sexual offences","BT330QY"
"176723","2016-02",-5.954058,54.618003,"OLDPARK ROAD","Anti-social behaviour","BT146FN"
"339322","2017-02",-7.326428,55.039108,"LOWER GALLIAGH ROAD","Possession of weapons","BT488LN"
"351002","2017-03",-6.657198,54.499357,"BALLYNAKILLY ROAD","Other theft","BT714HU"
"475154","2017-12",-5.680423,54.588177,"OLD SHORE ROAD","Violence and sexual offences","BT238NE"
"20517","2015-02",NA,NA,"NO LOCATION","Violence and sexual offences",NA
"382791","2017-05",-5.968092,54.589272,"ST. JAMES'S PARADE","Violence and sexual offences",NA
"95502","2015-08",-7.279866,54.608995,"MULLAGHMORE DRIVE","Anti-social behaviour","BT797PG"
"475323","2017-12",-6.754703,54.642373,"FAIRHILL GROVE","Violence and sexual offences","BT808TG"
"407800","2017-07",-6.668087,55.129156,"NEW MARKET STREET","Robbery","BT521EH"
"468916","2017-12",-7.301805,54.588543,"COOLNAGARD MEADOWS","Anti-social behaviour","BT781AU"
"431388","2017-09",-6.313215,54.169079,"BALLYHOLLAND ROAD","Burglary","BT342LU"
"462581","2017-11",-5.931179,54.593507,"BEDFORD STREET","Violence and sexual offences","BT27AN"
"101170","2015-08",-5.701873,54.57846,"LANCASTER WALK","Criminal damage and arson","BT234RD"
"119205","2015-09",-7.321796,55.022581,"CARNHILL","Violence and sexual offences","BT488BA"
"240492","2016-07",-5.901202,54.672077,"CAMBRAI DRIVE","Anti-social behaviour","BT370AN"
"334682","2017-02",-7.33899,55.023798,"TEMPLEMORE MEWS","Anti-social behaviour","BT488SG"
"149717","2015-11",-5.667982,54.66152,"MAIN STREET","Other crime","BT191JE"
"225499","2016-05",-5.9333,54.597155,"WELLINGTON PLACE","Violence and sexual offences","BT16BH"
"51416","2015-05",-5.885337,54.400942,"HILLFOOT CRESCENT","Anti-social behaviour","BT248ES"
"111391","2015-09",-7.267024,55.033824,"MOYGLASS PLACE","Anti-social behaviour","BT476XW"
"104628","2015-08",-6.366139,55.240074,"HARBOUR ROAD","Vehicle crime","BT196JP"
"335274","2017-02",-5.82395,54.850369,"LATHARNA HOUSES","Anti-social behaviour","BT401LL"
"135992","2015-10",-5.894279,54.589546,"QUINTON STREET","Violence and sexual offences","BT55GR"
"339673","2017-02",-5.800383,54.729113,"GLYNN PARK CLOSE","Shoplifting","BT387TR"
"52878","2015-05",-5.890845,54.558703,"GARLAND AVENUE","Anti-social behaviour","BT666JH"
"27101","2015-03",-5.931513,54.599137,"CASTLE STREET","Anti-social behaviour","BT11BL"
"335413","2017-02",-6.013796,54.064367,"HILLSIDE DRIVE","Anti-social behaviour","BT344JF"
"223140","2016-05",-7.044257,55.042869,"CLOONEY ROAD","Violence and sexual offences","BT422PW"
"165485","2016-01",-7.312088,54.994213,"WATERSIDE LINK","Anti-social behaviour",NA
"36158","2015-03",-7.351961,54.990291,"RATHLIN GARDENS","Violence and sexual offences","BT489UE"
"202235","2016-04",-6.516004,55.071441,"VICTORIA STREET","Anti-social behaviour","BT13GA"
"455427","2017-11",-6.247719,54.102795,"ROSSMARA PARK","Anti-social behaviour","BT343NX"
"32851","2015-03",-6.744976,54.645884,"CENTRAL AVENUE","Shoplifting","BT203AF"
"430720","2017-09",-7.321576,54.997635,"WILLIAM STREET","Anti-social behaviour","BT11PR"
"103013","2015-08",-5.874591,54.60365,"EDGCUMBE GARDENS","Other theft","BT42EG"
"295664","2016-10",-5.937429,54.615573,"ATLANTIC AVENUE","Violence and sexual offences","BT152HN"
"74478","2015-06",-6.744976,54.645884,"CENTRAL AVENUE","Public order","BT203AF"
"311546","2016-12",-5.891576,54.220039,"CASTLEWELLAN ROAD","Anti-social behaviour","BT252DZ"
"60289","2015-05",-7.45948,54.378797,"MAIN STREET","Shoplifting","BT191JE"
"358012","2017-04",-5.843762,54.588988,"KINGS ROAD","Anti-social behaviour","BT366AB"
"417503","2017-08",-5.927783,54.597923,"ARTHUR PLACE","Anti-social behaviour","BT14HG"
"435493","2017-09",-5.959281,54.57614,"WILDFLOWER WAY","Shoplifting","BT126SJ"
"39172","2015-04",-5.560084,54.535318,"NEWTOWNARDS ROAD","Anti-social behaviour","BT191GZ"
"132330","2015-10",-7.335836,54.988533,"IONA COURT","Other theft","BT486LG"
"320095","2017-01",-6.925525,55.042229,"BOVALLY ROAD","Anti-social behaviour","BT490TA"
"218363","2016-05",-5.885701,54.402242,"WINDMILL GARDENS","Burglary","BT222DW"
"454252","2017-11",-5.938546,54.580622,"MALONE ROAD","Anti-social behaviour","BT95BN"
"111430","2015-09",-7.296263,54.654242,"DUNMULLAN ROAD","Anti-social behaviour","BT797TD"
"272963","2016-09",-6.634847,54.331111,"WOODFORD DRIVE","Anti-social behaviour","BT366TR"
"86509","2015-07",-5.952381,54.60146,"ARGYLE STREET","Criminal damage and arson","BT132LA"
"4337","2015-01",-6.028539,54.557558,"WOODSIDE PARK","Burglary","BT170SS"
"284136","2016-10",-5.537567,54.642512,"HIGH STREET","Anti-social behaviour","BT12AA"
"292897","2016-10",-5.701639,54.591952,"JOHN STREET","Vehicle crime","BT124AG"
"23597","2015-03",-5.891201,54.59252,"ELMGROVE ROAD","Anti-social behaviour","BT55DJ"
"263365","2016-08",-5.915799,54.621959,"DUNCRUE STREET","Other theft","BT39AL"
"60762","2015-05",-6.531103,54.093013,"NEW ROAD","Vehicle crime","BT210DR"
"414495","2017-08",-5.668958,54.661,"CENTRAL AVENUE","Anti-social behaviour","BT203AF"
"332307","2017-02",-5.925203,54.602102,"VICTORIA STREET","Anti-social behaviour","BT13GA"
"127361","2015-10",-5.931361,54.577418,"RIDGEWAY STREET","Anti-social behaviour","BT281BY"
"5655","2015-01",-5.944303,54.610955,"CLIFTONPARK AVENUE","Criminal damage and arson","BT146DQ"
"3802","2015-01",-6.456684,54.432213,"BALLYORAN HEIGHTS","Anti-social behaviour","BT621DN"
"221309","2016-05",-5.97036,54.627343,"SILVERSTREAM PARADE","Other theft","BT148GR"
"99811","2015-08",-5.938705,54.590949,"MAJESTIC DRIVE","Burglary","BT125JA"
"391079","2017-06",-6.440433,54.4239,"BRIDGE STREET SOUTH","Criminal damage and arson","BT623NW"
"75165","2015-06",-7.277917,54.998614,"DURHAM PARK","Shoplifting","BT475YD"
"426512","2017-09",-7.312712,55.01529,"CULMORE ROAD","Anti-social behaviour","BT487RJ"
"393113","2017-06",-5.713461,54.756302,"ADELAIDE AVENUE","Other theft","BT389RZ"
"415607","2017-08",-6.285974,54.865418,"BALMORAL AVENUE","Anti-social behaviour","BT197XB"
"180195","2016-02",-5.975482,54.605281,"HIGHFIELD DRIVE","Criminal damage and arson","BT133RL"
"403180","2017-07",-7.324495,55.027572,"BLOOMFIELD PARK","Anti-social behaviour","BT488HA"
"178721","2016-02",-5.885498,54.581351,"ORANGEFIELD CRESCENT","Burglary","BT601DS"
"354620","2017-03",-6.507984,54.349554,"BALLYLOUGHAN ROAD","Violence and sexual offences","BT457YB"
"94612","2015-08",-5.919676,54.654902,"LONGWOOD ROAD","Anti-social behaviour","BT379UH"
"214414","2016-05",-7.315169,54.590452,"ASHBOURNE GROVE","Anti-social behaviour","BT781HG"
"400461","2017-07",-7.588697,54.709388,"YOUNG CRESCENT","Anti-social behaviour","BT817BZ"
"195601","2016-03",-5.944435,54.600049,"DIVIS STREET","Possession of weapons","BT124AD"
"130950","2015-10",-6.746867,54.648374,"ORITOR STREET","Criminal damage and arson",NA
"444731","2017-10",-5.89199,54.590728,"FASHODA STREET","Anti-social behaviour","BT55EX"
"286972","2016-10",-7.465774,54.826433,"MAIN STREET","Anti-social behaviour","BT191JE"
"93300","2015-07",-5.924674,54.593944,"CROMAC STREET","Other crime","BT28JA"
"55192","2015-05",-5.63778,54.659524,"BROOMHILL PARK","Anti-social behaviour","BT205QZ"
"323732","2017-01",-5.936493,54.607453,"CARLISLE CIRCUS","Anti-social behaviour","BT146AT"
"229522","2016-06",-6.337776,54.178675,"CANAL QUAY","Anti-social behaviour","BT356BP"
"329272","2017-01",-5.94134,54.60802,"FLORENCE COURT","Violence and sexual offences","BT131EY"
"423268","2017-08",-6.271892,54.876368,"WAVENEY BROW","Violence and sexual offences","BT436FF"
"360670","2017-04",-6.330384,54.461152,"MOORES LANE","Anti-social behaviour","BT413AB"
"6759","2015-01",-6.03862,54.559465,"ARDCAOIN AVENUE","Other theft","BT170UN"
"50992","2015-05",-7.374645,54.753962,"BALLYMULLARTY ROAD","Anti-social behaviour","BT784NL"
"418308","2017-08",-5.958078,54.597405,"SPRINGFIELD ROAD","Criminal damage and arson","BT127AB"
"109910","2015-09",-6.329197,54.174531,"ABBEY HEIGHTS","Anti-social behaviour","BT342BF"
"407973","2017-07",-6.613068,54.752727,"WESTLAND DRIVE","Shoplifting","BT146NG"
"461176","2017-11",-5.872804,54.695706,"GORTLANE DRIVE","Public order","BT388SY"
"360990","2017-04",-5.934694,54.599272,"DIVIS STREET","Anti-social behaviour","BT124AD"
"125203","2015-10",-6.357243,54.445905,"ARDOWEN","Anti-social behaviour","BT655EB"
"267110","2016-08",-6.15976,54.234561,"FOX RIDGE","Violence and sexual offences","BT345FR"
"387008","2017-06",-5.92336,54.641326,"GREENCASTLE PLACE","Anti-social behaviour","BT154HB"
"317082","2016-12",-6.113566,54.443297,"HILLSBOROUGH ROAD","Violence and sexual offences","BT235PJ"
"266409","2016-08",-7.322908,55.001154,"CLARENDON STREET","Violence and sexual offences","BT487EP"
"238600","2016-06",-6.192257,54.509883,"WILLOW LODGE","Violence and sexual offences","BT282WL"
"379769","2017-05",-7.445594,54.248965,"TRASNA WAY","Public order","BT668DJ"
"44786","2015-04",-6.340618,54.46742,"ALBERT STREET","Drugs","BT124HB"
"204736","2016-04",-7.31005,55.016434,"GARDEN CITY LOWER","Burglary","BT487SP"
"185713","2016-02",-6.273393,54.352462,"EDENDELL","Violence and sexual offences","BT323JJ"
"380734","2017-05",-6.411257,54.438056,"KERNAN GROVE","Violence and sexual offences","BT635RX"
"381045","2017-05",-5.924849,54.597496,"SEYMOUR STREET","Violence and sexual offences","BT274SQ"
"273090","2016-09",-7.468908,54.293414,"HARRYVILLE STREET","Anti-social behaviour","BT944QX"
"58386","2015-05",-7.320302,55.023058,"CARNHILL","Drugs","BT488BA"
"289904","2016-10",-7.319958,54.994473,"CARLISLE ROAD","Criminal damage and arson","BT152PT"
"105289","2015-08",-5.973239,54.592494,"BRITTONS PARADE","Violence and sexual offences","BT127PJ"
"171998","2016-01",-6.184681,54.711401,"DONORE CRESCENT","Violence and sexual offences","BT411HY"
"193743","2016-03",-5.922456,54.585226,"FARNHAM STREET","Criminal damage and arson","BT72FL"
"425818","2017-09",-6.59964,54.754333,"ASHGROVE PARK","Anti-social behaviour","BT146NE"
"93590","2015-08",-6.005713,54.576088,"SHAWS ROAD","Anti-social behaviour","BT119PR"
"428515","2017-09",-7.463613,54.816955,"BALLYCOLMAN ROAD","Anti-social behaviour","BT829PH"
"211898","2016-04",-5.900669,54.408317,"LANGLEY ROAD","Violence and sexual offences","BT248BZ"
"268375","2016-08",-7.643856,54.347106,"CASTLE STREET","Other crime","BT11BL"
"235332","2016-06",-5.893972,54.208525,"CAUSEWAY ROAD","Other theft","BT330DL"
"295781","2016-10",-5.920207,54.608719,"DOCK STREET","Violence and sexual offences","BT151LF"
"407877","2017-07",-6.33856,54.178201,"EDWARD STREET","Shoplifting","BT12LL"
"381321","2017-05",-5.963146,54.671895,"HARMIN CRESCENT","Violence and sexual offences","BT367UP"
"35585","2015-03",-5.925203,54.602102,"VICTORIA STREET","Violence and sexual offences","BT13GA"
"392014","2017-06",-5.92591,54.598233,"VICTORIA SQUARE","Drugs","BT14DG"
"370967","2017-05",-5.822134,54.721294,"TOWN PARK","Anti-social behaviour","BT388FG"
"340178","2017-02",-5.974538,54.620863,"GLENSIDE DRIVE","Vehicle crime","BT148AG"
"151089","2015-12",-6.2858,54.34263,"PINLEY GREEN","Anti-social behaviour","BT323TY"
"269534","2016-09",-5.951449,54.580868,"WINDSOR DRIVE","Anti-social behaviour","BT97FH"
"75492","2015-06",-6.701481,54.537367,"ARDNASAGGART TERRACE","Vehicle crime","BT714RG"
"19070","2015-02",-5.906297,54.59112,"CHERRYVILLE STREET","Other theft","BT68BJ"
"9274","2015-01",-5.706832,54.578302,"BEAUFORT WALK","Violence and sexual offences","BT234RP"
"33455","2015-03",-6.456367,54.417699,"GLANDORE GARDENS","Violence and sexual offences","BT153FF"
"76701","2015-06",-7.349589,55.021017,"O'CASEY COURT","Violence and sexual offences","BT480PS"
"358581","2017-04",-5.895551,54.401175,"HILLCREST DRIVE","Anti-social behaviour","BT248HE"
"92341","2015-07",-7.307736,55.030038,"CARRANBANE WALK","Violence and sexual offences","BT488HU"
"236372","2016-06",-6.226574,54.723916,"CORAL CRESCENT","Shoplifting","BT414LW"
"136968","2015-10",-6.652716,55.134476,"GLEBE AVENUE","Violence and sexual offences","BT522EN"
"307337","2016-11",-6.573933,54.254011,"BLACKQUARTER ROAD","Violence and sexual offences","BT602HD"
"354252","2017-03",-7.314332,54.986303,"STRABANE OLD ROAD","Violence and sexual offences","BT472DL"
"340256","2017-02",-5.672741,54.647145,"SKIPPERSTONE ROAD","Vehicle crime","BT204EP"
"46673","2015-04",-6.786146,54.789358,"GLENELLY VILLAS","Public order","BT457AR"
"255668","2016-08",-7.319131,55.035887,"SANDALE PARK","Anti-social behaviour","BT488NR"
"237930","2016-06",-5.990459,54.596905,"NEW BARNSLEY CRESCENT","Violence and sexual offences","BT127HT"
"347949","2017-03",-5.676825,54.328133,"BALLYHORNAN ROAD","Anti-social behaviour","BT306RB"
"283101","2016-10",-7.670542,54.357746,"LOUGH SHORE ROAD","Anti-social behaviour","BT221PD"
"299828","2016-11",-5.962313,54.62754,"WALLASEY PARK","Anti-social behaviour","BT146PN"
"402591","2017-07",-6.346229,54.458315,"OLD PORTADOWN ROAD","Anti-social behaviour","BT668QA"
"357577","2017-04",-5.940605,54.600811,"FINGALS COURT","Anti-social behaviour","BT132DP"
"472309","2017-12",-6.273846,54.859443,"FRANCIS STREET","Drugs","BT11EJ"
"385055","2017-06",-6.440757,54.407651,"WENTWORTH GREEN","Anti-social behaviour","BT623WG"
"118089","2015-09",-5.893711,54.587065,"CASTLEREAGH ROAD","Shoplifting","BT55FB"
"477223","2017-12",-6.302894,54.43749,"WINDSOR CLOSE","Violence and sexual offences","BT667RH"
"371860","2017-05",-6.77009,54.508707,"QUARRY LANE","Anti-social behaviour","BT162HG"
"463092","2017-11",-6.219599,54.817799,"LIMINARY ROAD","Violence and sexual offences","BT423HL"
"77880","2015-06",-5.927097,54.66803,"DRUMCOR GREEN","Violence and sexual offences","BT379BE"
"433860","2017-09",-5.959391,54.605181,"MAYO PLACE","Other theft","BT133EG"
"2518","2015-01",-7.300044,54.606437,"MOUNTJOY ROAD","Anti-social behaviour","BT715AE"
"211722","2016-04",-5.710843,54.646856,"RATHGAEL ROAD","Violence and sexual offences","BT191RP"
"292450","2016-10",-6.338385,54.173796,"HILL STREET","Shoplifting","BT12LA"
"222223","2016-05",-5.930334,54.599189,"CASTLE STREET","Robbery","BT11BL"
"108632","2015-09",-5.922595,54.546943,"GREER PARK AVENUE","Anti-social behaviour","BT87YF"
"456622","2017-11",-7.306011,55.040314,"BALLYARNETT VILLAGE","Anti-social behaviour","BT488SB"
"331047","2017-01",-6.754299,54.516739,"HILLCROFT","Violence and sexual offences","BT716SJ"
"392634","2017-06",-5.938294,54.622641,"ANTRIM ROAD","Other theft","BT152AA"
"404050","2017-07",-5.89509,54.683535,"COOLEEN PARK","Burglary","BT370RR"
"3287","2015-01",-6.727761,54.330051,"KILLYLEA ROAD","Anti-social behaviour","BT604AN"
"328752","2017-01",-5.920207,54.608719,"DOCK STREET","Violence and sexual offences","BT151LF"
"128321","2015-10",-6.068455,54.487895,"EGLANTINE ROAD","Burglary","BT275RQ"
"183019","2016-02",-5.866705,54.574812,"GLENVIEW CRESCENT","Vehicle crime","BT370TW"
"429117","2017-09",-6.011078,54.575808,"LENADOON AVENUE","Anti-social behaviour","BT119HB"
"445050","2017-10",-5.961105,54.577087,"WILDFLOWER WAY","Bicycle theft","BT126SJ"
"83749","2015-07",-7.321718,54.998507,"STRAND ROAD","Anti-social behaviour","BT390RF"
"197229","2016-03",-5.922608,54.585579,"HATFIELD STREET","Violence and sexual offences","BT72FB"
"261667","2016-08",-7.380848,54.717927,"MILLBROOK LANE","Criminal damage and arson","BT784BW"
"181491","2016-02",-5.935054,54.598569,"KING STREET","Other theft","BT11HU"
"381439","2017-05",-7.328233,54.491277,"LISDERGAN ROAD","Violence and sexual offences","BT782NS"
"443084","2017-10",-6.68152,54.332996,"WILLIAM STREET","Anti-social behaviour","BT11PR"
"258883","2016-08",-5.937018,54.615737,"PONSONBY AVENUE","Anti-social behaviour","BT152LS"
"327142","2017-01",-6.383132,54.469641,"CHESTNUT GROVE","Other theft","BT341JL"
"369184","2017-04",-5.850553,54.845569,"PORTER CRESCENT","Violence and sexual offences","BT402TZ"
"329378","2017-01",-6.447077,54.42218,"WEST STREET","Violence and sexual offences","BT234EN"
"432644","2017-09",-6.300774,54.847209,"ROSSDALE","Criminal damage and arson","BT422SA"
"237319","2016-06",-5.948835,54.599028,"NORTH HOWARD STREET","Violence and sexual offences","BT132AP"
"43102","2015-04",-6.339168,54.465514,"RECTORY ROAD","Criminal damage and arson","BT390PT"
"54638","2015-05",-5.702953,54.598024,"WILLIAM STREET","Anti-social behaviour","BT11PR"
"22603","2015-02",-6.441213,54.422032,"SANDY ROW","Violence and sexual offences","BT125BL"
"91496","2015-07",-6.44931,54.429558,"ST JOHN'S COURT","Violence and sexual offences","BT621EG"
"290038","2016-10",-7.326428,55.039108,"LOWER GALLIAGH ROAD","Criminal damage and arson","BT488LN"
"367975","2017-04",-6.613145,54.756375,"RAINEY STREET","Violence and sexual offences","BT455AA"
"2674","2015-01",-5.81617,54.850831,"QUAY STREET","Anti-social behaviour","BT205ED"
"405849","2017-07",-6.649323,55.199629,"DUNLUCE AVE ROUNDABOUT","Criminal damage and arson",NA
"369073","2017-04",-6.664604,54.353545,"THE HERMITAGE","Violence and sexual offences","BT179NH"
"56523","2015-05",-6.046537,54.510275,"HASLEMS LANE","Burglary","BT281TW"
"63111","2015-05",-6.206624,54.778481,"CHAPELTOWN ROAD","Violence and sexual offences","BT412LD"
"417188","2017-08",-5.907084,54.573667,"KNOCK EDEN GROVE","Anti-social behaviour","BT60GH"
"349699","2017-03",-6.638605,55.199357,"SUNNYVALE AVENUE","Criminal damage and arson","BT568JH"
"368031","2017-04",-6.611389,54.75596,"RAINEY STREET","Violence and sexual offences","BT455AA"
"89151","2015-07",-6.226574,54.723916,"CORAL CRESCENT","Shoplifting","BT414LW"
"436454","2017-09",-5.708452,54.589116,"TOWER COURT","Violence and sexual offences","BT234FL"
"246508","2016-07",-6.414538,54.353492,"CASTLE MEWS","Burglary","BT622EH"
"460298","2017-11",-6.26626,54.850413,"KINCORA","Other theft","BT423BB"
"292290","2016-10",-5.670828,54.644026,"BALLOO LINK","Shoplifting","BT197HJ"
"467290","2017-12",-5.814929,54.850459,"CIRCULAR ROAD","Anti-social behaviour","BT234BN"
"131298","2015-10",-6.448511,54.432341,"CHURCHILL PARK","Drugs","BT205RL"
"471731","2017-12",-6.676774,54.393605,"BLACKWATERTOWN ROAD","Criminal damage and arson","BT618EZ"
"458166","2017-11",-6.039414,54.542595,"MILLTOWN AVENUE","Criminal damage and arson","BT283TP"
"358267","2017-04",-5.930851,54.601812,"NORTH STREET","Anti-social behaviour","BT11LA"
"271808","2016-09",-5.920565,54.658439,"MERVILLE GARDEN VILLAGE","Anti-social behaviour","BT379TF"
"348411","2017-03",-7.646966,54.339479,"OLD ROSSORRY CRESCENT","Burglary","BT747LG"
"434520","2017-09",-6.342401,54.169862,"POOL LANE","Other theft","BT358AW"
"275770","2016-09",-6.598239,54.751271,"KILLOWEN DRIVE","Criminal damage and arson","BT456DS"
"82136","2015-07",-5.708567,54.648476,"VICEROY'S WOOD","Anti-social behaviour","BT191WF"
"386802","2017-06",-7.300558,54.995953,"CURLEW WAY","Anti-social behaviour","BT476LQ"
"470767","2017-12",-6.247821,54.104009,"ROSSMARA PARK","Criminal damage and arson","BT343NX"
"407971","2017-07",-5.894963,54.597267,"ALBERTBRIDGE ROAD","Shoplifting","BT54GP"
"471363","2017-12",-6.135281,54.699752,"BALLYBENTRAGH ROAD","Criminal damage and arson","BT390DE"
"158851","2015-12",-5.917791,54.654492,"LONGWOOD ROAD","Theft from the person","BT379UH"
"469324","2017-12",-6.557923,54.778226,"MAIN STREET","Anti-social behaviour","BT191JE"
"79190","2015-07",-6.512919,55.069364,"UNION STREET","Anti-social behaviour","BT12JF"
"344833","2017-03",-6.698755,55.181122,"GLENN PARK","Anti-social behaviour","BT557EU"
"333710","2017-02",-5.819428,54.855966,"SALLAGH PARK","Anti-social behaviour","BT401NS"
"188491","2016-03",-5.919128,54.664111,"ROSSLEA WAY","Anti-social behaviour","BT379BZ"
"154660","2015-12",-5.950855,54.621345,"KINGSMERE AVENUE","Burglary","BT146ND"
"398523","2017-07",-5.965834,54.674249,"DERRYMORE AVENUE","Anti-social behaviour","BT367AA"
"456174","2017-11",-5.930334,54.599189,"CASTLE STREET","Anti-social behaviour","BT11BL"
"120616","2015-09",-7.353253,55.016788,"DRUMARD PARK","Violence and sexual offences","BT282HU"
"212829","2016-05",-5.939027,54.62622,"KENBELLA PARADE","Anti-social behaviour","BT155DX"
"379628","2017-05",-5.927657,54.630555,"LANSDOWNE ROAD","Other theft","BT154AA"
"60524","2015-05",-5.892164,54.595152,"FACTORY STREET","Shoplifting","BT55AW"
"316627","2016-12",-5.843136,54.600532,"CASTLEHILL DRIVE","Vehicle crime","BT43GS"
"441676","2017-10",-5.934694,54.599272,"DIVIS STREET","Anti-social behaviour","BT124AD"
"147902","2015-11",-7.033483,54.560672,"GLENEENY ROAD","Violence and sexual offences","BT799HJ"
"455618","2017-11",-5.678499,54.645899,"CLELAND PARK CENTRAL","Anti-social behaviour","BT203EP"
"405004","2017-07",-6.577357,54.190217,"DUNGORMLEY ESTATE","Criminal damage and arson","BT350HY"
"4046","2015-01",-5.668234,54.659557,"MARKET STREET","Anti-social behaviour","BT13JD"
"124455","2015-10",-5.950851,54.637122,"SLIEVECOOLE PARK","Anti-social behaviour","BT148JN"
"272081","2016-09",-5.758588,54.392185,"WESTLAND GARDENS","Anti-social behaviour","BT146NF"
"182377","2016-02",-7.630614,54.340481,"DERRYCHARA ROAD","Shoplifting","BT746GB"
"201784","2016-04",-5.889521,54.589103,"ORBY ROAD","Anti-social behaviour","BT55HN"
"110156","2015-09",-6.058183,54.498827,"AVONMORE PARK","Anti-social behaviour","BT281NA"
"328211","2017-01",-5.934882,54.589437,"DONEGALL ROAD","Theft from the person","BT125JJ"
"463106","2017-11",-6.610359,54.755642,"RAINEY STREET","Violence and sexual offences","BT455AA"
"18304","2015-02",-6.113566,54.443297,"HILLSBOROUGH ROAD","Other theft","BT235PJ"
"49049","2015-04",-6.390194,54.443006,"PARKMORE","Violence and sexual offences","BT456EZ"
"70926","2015-06",-5.936427,54.59835,"COLLEGE PLACE NORTH","Criminal damage and arson","BT16BE"
"314603","2016-12",-5.937639,54.584479,"ELMWOOD AVENUE","Drugs","BT96AY"
"275006","2016-09",-6.343577,54.171864,"CLEARY CRESCENT","Criminal damage and arson","BT358AQ"
"297017","2016-11",-5.931754,54.598036,"FOUNTAIN STREET","Anti-social behaviour","BT15EA"
"284058","2016-10",-5.842419,54.859971,"CAIRNGORM DRIVE","Anti-social behaviour","BT402AN"
"242910","2016-07",-5.783845,54.593432,"STRONE HILL COURT","Anti-social behaviour","BT161SH"
"220902","2016-05",-6.000104,54.563686,"GREENANE DRIVE","Other theft","BT100NH"
"360098","2017-04",-5.566991,54.662687,"WARREN ROAD","Anti-social behaviour","BT210DS"
"209712","2016-04",-7.318785,54.992697,"JOHN STREET","Violence and sexual offences","BT124AG"
"200522","2016-04",-5.931278,54.588198,"CAMERON STREET","Anti-social behaviour","BT71GU"
"312129","2016-12",-5.947632,54.633375,"UPPER CAVEHILL ROAD","Anti-social behaviour","BT155EZ"
"392432","2017-06",-7.518727,54.147259,"BELTURBET ROAD","Other theft","BT929AU"
"461850","2017-11",-5.931149,54.595941,"DONEGALL SQUARE WEST","Theft from the person","BT16JA"
"453479","2017-11",-5.895814,54.601487,"CONNSWATER GROVE","Anti-social behaviour","BT41TY"
"337860","2017-02",-6.40691,54.181595,"NEWRY ROAD","Drugs","BT323HF"
"232846","2016-06",-5.921936,54.653737,"OLD MILL DRIVE","Criminal damage and arson","BT367XP"
"192928","2016-03",-6.318217,54.434425,"DUNKIRK ROAD","Criminal damage and arson","BT667AR"
"149603","2015-11",-5.709866,54.590104,"SCRABO ROAD","Other crime","BT234NL"
"78939","2015-06",-5.956521,54.595735,"CAVENDISH SQUARE","Other crime","BT127AA"
"341181","2017-02",-5.934882,54.589437,"DONEGALL ROAD","Violence and sexual offences","BT125JJ"
"242734","2016-07",-5.940625,54.625232,"VANCOUVER DRIVE","Anti-social behaviour","BT155BY"
"10060","2015-01",-7.321576,54.997635,"WILLIAM STREET","Violence and sexual offences","BT11PR"
"80760","2015-07",-5.869925,54.592228,"HOLLAND GARDENS","Anti-social behaviour","BT56EG"
"261410","2016-08",-5.932781,54.587541,"BOTANIC AVENUE","Criminal damage and arson","BT71JG"
"472147","2017-12",-5.931754,54.598036,"FOUNTAIN STREET","Drugs","BT15EA"
"351674","2017-03",-6.270226,54.882157,"DUNCLUG GARDENS","Other theft","BT436NN"
"89729","2015-07",-5.762582,54.399142,"LISSARA CLOSE","Vehicle crime","BT309PP"
"284579","2016-10",-7.276491,55.028338,"WESTLAKE","Anti-social behaviour","BT476WD"
"456869","2017-11",-6.673477,54.345477,"MULLACREEVIE PARK","Anti-social behaviour","BT604BA"
"3997","2015-01",-5.926626,54.579269,"ANNADALE FLATS","Anti-social behaviour","BT73AW"
"184137","2016-02",-6.9359,55.043281,"DRUMACHOSE PARK","Violence and sexual offences","BT490NY"
"467846","2017-12",-5.902692,54.572153,"MOUNT MERRION DRIVE","Anti-social behaviour","BT60FX"
"385743","2017-06",-5.984681,54.576988,"BENRAW GREEN","Anti-social behaviour","BT118QL"
"252569","2016-07",-5.92641,54.601179,"HILL STREET","Violence and sexual offences","BT12LA"
"9969","2015-01",-6.338723,54.468499,"PRINCES CLOSE","Violence and sexual offences","BT679GY"
"459776","2017-11",-6.14841,54.635265,"NUTTS CORNER ROUNDABOUT","Drugs",NA
"345424","2017-03",-6.322809,54.756614,"BRACKENBURN","Anti-social behaviour","BT413BP"
"432171","2017-09",-5.92641,54.601179,"HILL STREET","Criminal damage and arson","BT12LA"
"272150","2016-09",-6.767763,54.503446,"PARK ROAD","Anti-social behaviour","BT252AR"
"458070","2017-11",-6.01793,54.572614,"CARRIGART AVENUE","Criminal damage and arson","BT119HU"
"254168","2016-07",-6.74621,54.350172,"NAVAN FORT ROAD","Other crime","BT604PN"
"167666","2016-01",-7.320469,54.996614,"SHIPQUAY STREET","Criminal damage and arson","BT486AR"
"58129","2015-05",-7.321893,54.999244,"GREAT JAMES STREET","Criminal damage and arson","BT487AZ"
"248875","2016-07",-6.176127,54.55097,"TEMPLE ROAD","Other theft","BT282PD"
"181674","2016-02",-6.352811,54.481801,"TURMOYRA COURT","Other theft","BT666SD"
"86591","2015-07",-5.978933,54.564071,"DIAMOND GARDENS","Criminal damage and arson","BT100HD"
"460795","2017-11",-6.017855,54.379946,"BEGNY HILL ROAD","Other theft","BT252AP"
"9667","2015-01",-6.672838,54.840887,"LARGANTOGHER PARK","Violence and sexual offences","BT465BH"
"63901","2015-05",-6.710606,55.099933,"FARRANSEER PARK","Violence and sexual offences","BT514NA"
"325849","2017-01",-5.996518,54.060603,"ROONEY ROAD","Criminal damage and arson","BT344AG"
"323400","2017-01",-7.332142,55.02942,"GALLIAGH PARK","Anti-social behaviour","BT488DD"
"270986","2016-09",-6.417821,54.420919,"BEECH PARK","Anti-social behaviour","BT473NR"
"25517","2015-03",-5.892245,54.550443,"ROSSDALE HEIGHTS","Anti-social behaviour","BT86XZ"
"330597","2017-01",-6.618409,54.903569,"KILLYMUCK ROAD","Violence and sexual offences","BT465SY"
"120736","2015-09",-6.183228,54.105639,"GLEANN SI","Violence and sexual offences","BT343TX"
"360568","2017-04",-5.679196,54.652975,"CHESTER PARK","Anti-social behaviour","BT203JE"
"251066","2016-07",-5.889179,54.212934,"MAIN STREET","Violence and sexual offences","BT191JE"
"405210","2017-07",-7.326193,54.999053,"BREWSTERS CLOSE","Criminal damage and arson","BT486AH"
"73046","2015-06",-6.753721,54.49262,"BALLYNORTHLAND PARK","Other theft","BT716BT"
"317410","2016-12",-6.188583,54.71021,"FIRMOUNT DRIVE","Violence and sexual offences","BT411JH"
"388404","2017-06",-7.340599,54.994398,"INISCARN CRESCENT","Anti-social behaviour","BT489PY"
"272454","2016-09",-6.333189,54.186069,"ASHGROVE ROAD","Anti-social behaviour","BT341QH"
"441543","2017-10",-6.186329,54.708559,"WHINBURN CLOSE","Anti-social behaviour","BT411PZ"
"34919","2015-03",-5.898743,54.590585,"LEITRIM STREET","Violence and sexual offences","BT69BJ"
"57198","2015-05",-5.837142,54.631253,"LOUGHVIEW AVENUE","Criminal damage and arson","BT189NJ"
"338009","2017-02",-7.469195,54.827759,"MAIN STREET","Drugs","BT191JE"
"457979","2017-11",-6.554577,54.374738,"CORCREEVY CLOSE","Burglary","BT619QW"
"254531","2016-08",-7.650132,54.348588,"THE BROOK","Anti-social behaviour","BT747EU"
"349324","2017-03",-5.742208,54.555363,"DUNSY WAY","Criminal damage and arson","BT235DF"
"381235","2017-05",-6.918578,55.044027,"DRUMMOND MANOR","Violence and sexual offences","BT100DD"
"209050","2016-04",-5.670828,54.644026,"BALLOO LINK","Shoplifting","BT197HJ"
"64200","2015-05",-5.940603,54.258383,"CLARMONT AVENUE","Violence and sexual offences","BT319BX"
"466672","2017-12",-5.939954,54.581221,"PARK LANE","Anti-social behaviour","BT247PR"
"37152","2015-04",-6.652541,55.206186,"MAIN STREET","Anti-social behaviour","BT191JE"
"198111","2016-03",-6.002211,54.752689,"DOAGH ROAD","Violence and sexual offences","BT364TP"
"41262","2015-04",-7.520468,54.288985,"GOLA ROAD","Anti-social behaviour","BT744AF"
"81995","2015-07",-5.819527,54.306618,"CREEGHDUFF ROAD","Anti-social behaviour","BT308NJ"
"242686","2016-07",-6.285612,54.866231,"PRINCES PLACE","Anti-social behaviour","BT435DY"
"334837","2017-02",-5.999062,54.754506,"CAMERON COURT","Anti-social behaviour","BT399UZ"
"381965","2017-05",-5.666286,54.663536,"HIGH STREET","Violence and sexual offences","BT12AA"
"191242","2016-03",-5.926802,54.598958,"ANN STREET","Anti-social behaviour","BT13HH"
"400172","2017-07",-6.323532,54.460149,"LIME GROVE","Anti-social behaviour","BT235HH"
"254068","2016-07",-7.341248,55.019571,"BRANCH ROAD","Other crime","BT401TX"
"425578","2017-08",-7.484589,54.782138,"GARDEN ROAD","Other crime","BT829NR"
"432123","2017-09",-5.939137,54.610265,"VICINAGE PARK","Criminal damage and arson","BT146BA"
"203186","2016-04",-5.912716,54.106101,"WHINLAND DRIVE","Anti-social behaviour","BT344TZ"
"159144","2015-12",-7.330187,54.996649,"WESTLAND STREET","Vehicle crime","BT489EP"
"63698","2015-05",-6.622506,54.86487,"CULNADY ROAD","Violence and sexual offences","BT465TN"
"338294","2017-02",-5.917734,54.573482,"ROSSMORE AVENUE","Other theft","BT73HB"
"156902","2015-12",-6.271421,54.869174,"SUFFOLK STREET","Other theft","BT437DA"
"256795","2016-08",-6.032483,54.522545,"RICHMOND COURT","Anti-social behaviour","BT189TD"
"385391","2017-06",-6.717592,55.182597,"THE DIAMOND","Anti-social behaviour","BT379BJ"
"313503","2016-12",-5.992775,54.773863,"LOWER BALLYBOLEY ROAD","Criminal damage and arson","BT399SL"
"8174","2015-01",-5.976491,54.577777,"KENNEDY WAY INDUSTRIAL ESTATE","Shoplifting",NA
"399212","2017-07",-5.951333,54.696197,"THE GLADE","Anti-social behaviour","BT365NN"
"48421","2015-04",-6.451516,54.430296,"ROSE COTTAGES","Violence and sexual offences","BT621RU"
"201370","2016-04",-6.711792,54.531296,"COALISLAND ROAD","Anti-social behaviour","BT714BR"
"230278","2016-06",-5.657818,54.654729,"SUNNINGDALE PARK","Anti-social behaviour","BT146RU"
"232545","2016-06",-6.655843,54.352882,"BANBROOK HILL","Burglary","BT617LP"
"404717","2017-07",-6.180901,54.993845,"RAILWAY PARK","Criminal damage and arson","BT436RG"
"147401","2015-11",-5.959099,54.591519,"IRWELL COURT","Violence and sexual offences","BT126EZ"
"372325","2017-05",-6.056254,54.509542,"LONGSTONE STREET","Anti-social behaviour","BT281DD"
"187369","2016-03",-7.305695,54.60178,"RIVER ROW","Anti-social behaviour","BT781DB"
"474049","2017-12",-5.695707,54.654764,"LYNDHURST CRESCENT","Shoplifting","BT133XF"
"301823","2016-11",-5.979746,54.582944,"GLEN PARADE","Criminal damage and arson","BT118FD"
"402719","2017-07",-6.250994,55.200567,"CASTLE STREET","Anti-social behaviour","BT11BL"
"47080","2015-04",-6.438146,54.425694,"BRIDGE STREET","Shoplifting","BT11LS"
"419416","2017-08",-5.818128,54.852924,"VICTORIA ROAD","Criminal damage and arson","BT189BA"
"4110","2015-01",-5.934292,54.600173,"BERRY STREET","Bicycle theft","BT11FJ"
"257052","2016-08",-5.649955,54.400524,"CROSS STREET","Anti-social behaviour","BT309QG"
"82267","2015-07",-6.014164,54.539721,"GLENWOOD PARK","Anti-social behaviour","BT179DT"
"18149","2015-02",-7.323437,55.017066,"BUNCRANA ROAD","Other theft","BT487QD"
"25590","2015-03",-6.010677,54.573896,"STEWARTSTOWN AVENUE","Anti-social behaviour","BT119GE"
"454800","2017-11",-6.196138,54.70814,"BELMONT HEIGHTS","Anti-social behaviour","BT411BD"
"426656","2017-09",-5.9372,54.62468,"GLANTANE DRIVE","Anti-social behaviour","BT153FE"
"367680","2017-04",-5.713773,54.331113,"MEADOWLANDS","Violence and sexual offences","BT197SL"
"153496","2015-12",-6.669696,55.131689,"NEW ROW","Anti-social behaviour","BT458AP"
"431806","2017-09",-6.744188,54.64884,"COAGH CRESCENT","Criminal damage and arson","BT808NH"
"440161","2017-10",-6.553256,54.949256,"CHURCH PLACE","Anti-social behaviour","BT210DB"
"148970","2015-11",-5.906971,54.600602,"WOLFF CLOSE","Violence and sexual offences","BT41BE"
"82002","2015-07",-6.044499,54.513512,"RAILWAY STREET","Anti-social behaviour","BT170AQ"
"105039","2015-08",-6.017379,54.571554,"SUFFOLK ROAD","Violence and sexual offences","BT119GS"
"71863","2015-06",-7.287918,54.988891,"PELHAM ROAD","Criminal damage and arson","BT476FF"
"302327","2016-11",-5.92567,54.616639,"NORTH QUEEN STREET","Criminal damage and arson","BT151EL"
"344090","2017-03",-7.091286,54.932739,"MULDONAGH ROAD","Anti-social behaviour","BT474EH"
"151844","2015-12",-7.629177,54.359998,"DRUMBEG","Anti-social behaviour","BT602GD"
"367805","2017-04",-5.908227,54.660275,"SHORE ROAD","Violence and sexual offences","BT153PG"
"247812","2016-07",-6.670105,54.691486,"HIGH STREET","Criminal damage and arson","BT12AA"
"34339","2015-03",-6.926547,54.931459,"LACKAGH PARK","Violence and sexual offences","BT474ND"
"431821","2017-09",-6.548686,54.487106,"CLONMAKATE ROAD","Criminal damage and arson","BT621LP"
"329612","2017-01",-6.378462,54.446138,"ENNISKEEN","Violence and sexual offences","BT654AA"
"400540","2017-07",-5.930439,54.592551,"BANKMORE STREET","Anti-social behaviour","BT71AQ"
"105243","2015-08",-6.51431,55.066892,"SEYMOUR STREET","Violence and sexual offences","BT274SQ"
"229639","2016-06",-5.930446,54.599424,"ROYAL AVENUE","Anti-social behaviour","BT11AL"
"233396","2016-06",-5.894563,54.590332,"QUINTON STREET","Criminal damage and arson","BT55GR"
"432055","2017-09",-5.825954,54.852768,"GARDENMORE PLACE","Criminal damage and arson","BT401SE"
"106677","2015-08",-5.972374,54.626388,"SILVERSTREAM CRESCENT","Violence and sexual offences","BT148GJ"
"322629","2017-01",-5.931852,54.599458,"BANK STREET","Anti-social behaviour","BT11HL"
"449595","2017-10",-6.212491,54.59171,"LYNNWOOD MEWS","Vehicle crime","BT294WX"
"198759","2016-03",-6.760436,54.643339,"TULLAVILLE","Violence and sexual offences","BT808EB"
"177281","2016-02",-5.891275,54.518618,"BLENHEIM DRIVE","Anti-social behaviour","BT234QY"
"13567","2015-02",-5.885186,54.593044,"BLOOMFIELD ROAD","Anti-social behaviour","BT204UH"
